label,50,61,75,93,114,140,173,213,262,322,396,487,599,737,907,1116,1372,1688,2077
Weighted-mean MD in tract anterior thalamic radiation (left),0.11911727541154395,0.11643556968680409,0.13249193976341397,0.1502600648642989,0.16106764246882663,0.14630550753151156,0.1703210902561077,0.18006687886638786,0.20169414297704463,0.17533455457208208,0.1639919990859595,0.11536766600489753,0.08884376979483305,0.07554442735023173,0.0546091794761282,0.05116964027551008,0.04154358813291447,0.03576579470196811,0.030720209131493256
Weighted-mean MD in tract anterior thalamic radiation (right),0.15293308273160924,0.12436233088040331,0.14369156206380976,0.1653650271001053,0.17338108043143247,0.14572515106368594,0.16498657431434754,0.1859965682747854,0.20224527103234388,0.17595683617961777,0.16275824268004657,0.1127060139377774,0.08733743403745561,0.07704485411871044,0.056797883373306095,0.05154592437095103,0.04351598427867799,0.03613607316097981,0.03152895546540792
Weighted-mean MD in tract superior thalamic radiation (left),0.1855590820355483,0.15406863679583988,0.1664257495755047,0.17097765666807452,0.1740756266231238,0.16344157799509954,0.16888588746615982,0.19343005356629686,0.20133648210722538,0.16799279726491106,0.16001410042440994,0.1129511750524449,0.08182091928851366,0.07580344492531217,0.0628869144662379,0.05647680239655919,0.042046296534321445,0.040395819927843024,0.03540955782979946
Weighted-mean MD in tract superior thalamic radiation (right),0.16872036622105663,0.16726115030493266,0.1618026396854795,0.17738803029673555,0.1824079788889751,0.1660715349261224,0.16371114394202624,0.19018731082459803,0.2087962586695633,0.16631100638495697,0.16682233021803688,0.12070008269282582,0.08355426622446792,0.08022519076450561,0.06510430503894218,0.058528733245612696,0.044065530154059125,0.04227175694533728,0.03706222138548503
Weighted-mean MD in tract superior longitudinal fasciculus (left),0.14930907466659554,0.15307748132217489,0.19245470235880136,0.1718676052599789,0.1776617840140094,0.16225258420387742,0.18688326433432093,0.1984698447968506,0.21158032452161862,0.16870758246182962,0.16220730468151284,0.09645455768497443,0.09506133900198727,0.07435953725916115,0.0651485851584036,0.056417697870305906,0.048694184443338666,0.043360226675491324,0.03813006145323344
Weighted-mean MD in tract posterior thalamic radiation (left),0.19962469923766168,0.15163283418736972,0.20247407138761084,0.21334958224906087,0.20686155350551982,0.21649230336432784,0.18723084337299914,0.19526992471077684,0.19109244861380836,0.15813718988044861,0.1675194678995939,0.10936836965425654,0.09404152336455186,0.07971947088471248,0.05715580856362055,0.05824734331800636,0.049240063347169204,0.043076967850878396,0.029652858710777538
Weighted-mean MD in tract superior longitudinal fasciculus (right),0.15950393215525258,0.1548020646021714,0.18810600088896748,0.1745913654556892,0.17803647349677815,0.16567886854219988,0.1741265758753951,0.18889291642293768,0.20641690843549182,0.1612087875999725,0.1634151577445897,0.11238832888893582,0.09845070990043495,0.0799437067211973,0.06846620969766823,0.06068867351995663,0.05047696539821965,0.04512422702617444,0.03918680898043625
Weighted-mean MD in tract posterior thalamic radiation (right),0.20048801788002654,0.15732186246740154,0.1838753499641432,0.19593967287493566,0.20387304571265585,0.20354351719082975,0.1909200413405032,0.19511973691690154,0.1907270370871668,0.16270345627924124,0.1722652619586736,0.10753123860949718,0.10169343241866413,0.08207931683974425,0.058742668946341565,0.06206601401236169,0.05039018269073269,0.04321949734063281,0.03171113970064478
Weighted-mean MD in tract inferior fronto-occipital fasciculus (left),0.1672945704125214,0.15168546778359399,0.1875697924596768,0.1785895645296394,0.17496788003159414,0.17011359125761683,0.19100880687250424,0.1866401729337951,0.1890338542490179,0.16010703684416186,0.16107924541092086,0.10644532171754832,0.09960083282027012,0.08075627231423081,0.06386981969758014,0.05748999074999582,0.050132561127361086,0.043612526774145344,0.03492367110470959
Weighted-mean MD in tract inferior fronto-occipital fasciculus (right),0.16228720406387026,0.15656934357013594,0.1749990358323857,0.1901310732749877,0.17406288765114325,0.16993733745538292,0.1799068190936323,0.18198607576567974,0.18354966390286837,0.15788731516229787,0.16602204446512797,0.10580480478167908,0.10334916629315458,0.08302427394881703,0.06996920115740182,0.06291001663978465,0.052774491882506144,0.04381836941619656,0.03684103169076104
Weighted-mean MD in tract inferior longitudinal fasciculus (right),0.1720214989042296,0.14947513410157934,0.17699329806960407,0.19161820383599695,0.17887739213644036,0.1818129575617928,0.19035351858759944,0.18600645294732351,0.18538670849726277,0.15868132662118578,0.1629640813240909,0.0988868909886676,0.10429129568530231,0.08253913411504378,0.07031133671034284,0.06395147679539107,0.055064314002385505,0.0465469057175445,0.037898739380844676
Weighted-mean MD in tract forceps minor,0.14991782086851982,0.15947366625572504,0.19376089620967402,0.1713326316357342,0.17701294994139935,0.14098217005288669,0.17800528749383276,0.18278957034903093,0.18281329969071886,0.14914602308991248,0.14676121576854415,0.10638314100737478,0.09169078621512608,0.07962987278445179,0.06618250147659868,0.055759218660072524,0.0497345711392701,0.04515577381285224,0.039022918097636375
Weighted-mean MD in tract inferior longitudinal fasciculus (left),0.17957321484753208,0.15497346531357808,0.19809651852916169,0.189163821431345,0.18421151200955999,0.1730030712651126,0.202273980685846,0.18801065164534128,0.19139096798660724,0.1639587422866084,0.16389744705015682,0.10076763435442843,0.10181053180241469,0.07929807960407409,0.07097428775215464,0.05988862648450874,0.05404826892159591,0.044986691890826186,0.03571353287005387
Weighted-mean MD in tract uncinate fasciculus (right),0.16742470714193275,0.14500223102985949,0.17491724044790777,0.17200599768448313,0.16802311290230176,0.1618329743302277,0.16863487376319783,0.17702385589786615,0.17277117909045095,0.13940418699249718,0.1510400813454222,0.106441828088401,0.0954949738255899,0.07787218648255494,0.07052736768173862,0.05972012937842392,0.050704373341702226,0.0426738205070537,0.03838962311268276
Weighted-mean MD in tract uncinate fasciculus (left),0.17829012306158024,0.14907103247020845,0.19200346600122778,0.1598037756165091,0.1844036705915356,0.1660365862996339,0.1936379898989988,0.21601738876619994,0.2049211855791764,0.17781730604781085,0.15498215543507474,0.10245504489099538,0.09210288997954036,0.07810351903330526,0.06996633256405566,0.061356943927252806,0.04916960742392601,0.046797612473270495,0.0395646944777149
Weighted-mean ISOVF in tract posterior thalamic radiation (left),0.20767136274803324,0.1475269868312181,0.21533825962083225,0.23977191124377153,0.23568414325735315,0.21665544760969027,0.17982164094117317,0.18826108271280836,0.18679907715275726,0.15720927370240573,0.14932998981549048,0.11014018879421156,0.09707333560042361,0.10026149991573285,0.06868280202716683,0.06435551552536893,0.050120163628775506,0.04051341099872109,0.0308951518701078
Weighted-mean ISOVF in tract anterior thalamic radiation (left),0.18547713281025868,0.1478319556745453,0.20518126749312976,0.1805782320655925,0.19996954656016955,0.18392342800388994,0.18693000502373164,0.16092677797155167,0.17652791005764018,0.16348968096226785,0.15401427902269463,0.12289369980234653,0.08885724724239888,0.08825187175516773,0.06506017318571802,0.07116616583904713,0.05378633818935095,0.0451667728641352,0.036198265670089505
Weighted-mean ISOVF in tract superior thalamic radiation (left),0.17016391729325858,0.1492844000313856,0.18481228243300263,0.1966785278332235,0.2286134615014054,0.18945220903218724,0.17915050506222618,0.17083901344544097,0.18527247104530511,0.17042986777951824,0.14587376681958145,0.10159603767020985,0.08935496636345472,0.08889324539477717,0.06974637461017262,0.058418798050794474,0.04762247324753534,0.04747462586114178,0.03531817350237071
Weighted-mean MD in tract corticospinal tract (right),0.1696732132997392,0.1494791642534254,0.1808151632081437,0.17862932817034524,0.17008778883101439,0.16762483050968738,0.15745332566282216,0.16032332015990838,0.19041213844144658,0.15152531917801357,0.14905564920602538,0.10788417785158931,0.09634879063453479,0.08780242715399196,0.08206691916842687,0.06842952493836976,0.05854169856255263,0.048975944867244534,0.043578366846671115
Weighted-mean ISOVF in tract anterior thalamic radiation (right),0.19506106972709142,0.1364396977954262,0.1889883656497734,0.18952318676788962,0.1980032151646988,0.18220479713968651,0.18568157022059112,0.16384241234781724,0.17665900717858343,0.16560777111073094,0.1516532784830259,0.12016960863864412,0.08856378650806172,0.09085680932101671,0.06935953131427167,0.0703601116565926,0.05505920992972721,0.04721837869890207,0.037805138276419424
Weighted-mean ISOVF in tract superior thalamic radiation (right),0.18779512965696143,0.15017396252265958,0.17854207604118869,0.20148061400347142,0.2242011753823953,0.18746271738878406,0.1658115669201002,0.1682335942947898,0.1836697815528006,0.1662415042309386,0.1493455703706888,0.11730592520621791,0.08959623838038415,0.09588635305691359,0.07434655267845587,0.06727957075595468,0.051288105456372586,0.05061151324086935,0.037739489780733874
Weighted-mean ISOVF in tract posterior thalamic radiation (right),0.19196705064044678,0.15020293896052683,0.19775342950648678,0.23138047252991453,0.2089650261744517,0.19308270868837485,0.189399667294585,0.1965946651612524,0.1806574651848218,0.15833867347707958,0.15838038420268188,0.11007132303186264,0.10436311068485488,0.10329834216283121,0.06657623835842785,0.06608571829283147,0.05291662690384453,0.03983992024029143,0.030656208305417574
Weighted-mean MD in tract corticospinal tract (left),0.19251454112463331,0.1555938274625966,0.18311680435125824,0.19026503939532124,0.16087348784390187,0.16885941186293835,0.16448590679088856,0.15814894982784233,0.17316078653329509,0.14683074353714154,0.1432800943604537,0.11047420534484644,0.09546672001699534,0.08527430049657682,0.08452809576665508,0.06591447746733523,0.05814850780061625,0.04862686300116378,0.043110396373133346
Weighted-mean ISOVF in tract superior longitudinal fasciculus (left),0.18849502641219207,0.16937759467102195,0.18683625242890825,0.20612486936686822,0.24620278879393825,0.20110650363750956,0.19006382277346767,0.17559932723158278,0.19076715548327675,0.1750735405995677,0.15708118638415902,0.0991539749509725,0.10115446006562687,0.09215396452922293,0.07551952301025121,0.06474728347570681,0.05382426045748979,0.050281223077351375,0.03913588076592048
Weighted-mean ISOVF in tract superior longitudinal fasciculus (right),0.16883523205491996,0.15737796843766674,0.19052281909427587,0.20607350339090758,0.2395047457515137,0.20413613337630507,0.17482804093624152,0.16680520339810712,0.18491959699442542,0.17649703485988105,0.15837101935131995,0.10227926234975276,0.09808558678204285,0.09610267632441417,0.07760564554217475,0.06696628283392139,0.055294509432558196,0.0511811020257626,0.03885440338699462
Weighted-mean MO in tract superior thalamic radiation (left),0.21420343293619715,0.1552961156560186,0.19926031495426877,0.19989775866756623,0.1975886164840891,0.19760420139417614,0.1529927802698204,0.17933544150404426,0.15086419425579775,0.1419649235152563,0.14210420524178152,0.13082668894629984,0.0931912032545267,0.09614324243646828,0.07006808280713729,0.06286431597615191,0.04943625587708548,0.043672487517922416,0.03597801087362176
Weighted-mean MO in tract superior thalamic radiation (right),0.19362138043082366,0.1532544305957435,0.19872759940666423,0.18447509859081085,0.2129111952748915,0.21572208812078023,0.16544511257091382,0.1753009721991985,0.15041835046664928,0.1435902102996435,0.14561521075559572,0.12717026496862618,0.08493311096683373,0.09615633942975993,0.0722361427769132,0.06152768426171799,0.05150592603102264,0.04251130478991143,0.03800352988668615
Weighted-mean MD in tract parahippocampal part of cingulum (left),0.17738264221398542,0.1474151998307639,0.2015071195114515,0.1941083314950731,0.17872287396006264,0.19286310110749832,0.1676871962461218,0.17499509420697576,0.14442508312310634,0.13727541601721854,0.12882362185950424,0.10777283886483773,0.09376331542818102,0.08593849718493872,0.07880882037443486,0.0625347203104897,0.05058138677179172,0.04451626211653529,0.03810427524417499
Weighted-mean MD in tract parahippocampal part of cingulum (right),0.15611281596967608,0.15724150763272973,0.20133093681859413,0.1858431957892632,0.1648447619491794,0.16421885354813978,0.16088280481121672,0.17704437446724278,0.13714639659108377,0.15692923991801175,0.1279935109126831,0.10669615240126136,0.09688548266418846,0.0816036907774726,0.08314179340750151,0.056312873847341446,0.04791951164353327,0.04446831610154856,0.038759309609829665
Weighted-mean MD in tract cingulate gyrus part of cingulum (right),0.1577320883345027,0.17051596363884675,0.1859951513913901,0.17213706569663026,0.17793739698526487,0.1609058367980832,0.1625910393129316,0.16797335933199384,0.16401626761702504,0.14971762692489946,0.14432051850611027,0.11317066118281782,0.10223450382077763,0.08512313173108128,0.0749177080476915,0.06948982641114562,0.060363853245343685,0.052807326115527645,0.04415613077838136
Weighted-mean MD in tract cingulate gyrus part of cingulum (left),0.18188087227506253,0.1719717418706295,0.18270600763770542,0.16693651354109784,0.18179738597766185,0.1505310780129365,0.1624347789081076,0.16725233067357245,0.16339926396386856,0.1518272906468095,0.14488059277841098,0.11285613271546624,0.10015190094172172,0.08538370681776174,0.0718719164911823,0.06595741978950165,0.05944662173588016,0.050715781156181965,0.045229047650027616
Weighted-mean ISOVF in tract inferior longitudinal fasciculus (left),0.18239231611550424,0.16056086084350185,0.20741180124297287,0.21733002831258277,0.2339443532298901,0.20941120224436238,0.22268965452454995,0.17330128888832116,0.1816564536179212,0.16783773088427237,0.15476684855390926,0.09962311398994604,0.10942116803351216,0.1008247515436705,0.07643836591630401,0.06758815727480193,0.05808178587792541,0.04637641522199952,0.03774216293504504
Weighted-mean ISOVF in tract parahippocampal part of cingulum (right),0.17916829320838035,0.17896398457806784,0.20283543293024428,0.19462415503542396,0.1703399120264065,0.16323586028461248,0.1525952519714555,0.16925203419266985,0.13207756136907817,0.15440345854475832,0.1311067290919127,0.09935000706308561,0.09379348930911054,0.07885763418864139,0.07953046717762208,0.05904438700107562,0.04668521112885286,0.04870816986551929,0.038991582079105594
Weighted-mean MD in tract middle cerebellar peduncle,0.22411599044262284,0.13209577291417032,0.1712406389346917,0.19175231902359538,0.19819575099523057,0.19321639601001597,0.18905853858702465,0.17994285250106543,0.16380546981866734,0.17365140458310294,0.14163944572756001,0.12773981336285115,0.09606454363489429,0.0857458280264954,0.07570330789576053,0.06899284538553231,0.05118058762090467,0.05860786635949346,0.04614465723062726
Weighted-mean ISOVF in tract inferior longitudinal fasciculus (right),0.18855942721984914,0.14729255104437794,0.21046741045743228,0.22164608099132907,0.23343630336725274,0.203699618921498,0.22482937894562005,0.1913621363439498,0.18129351550394296,0.17273056254889055,0.16234614986171902,0.1029962171146394,0.11173563099040733,0.09949472692281305,0.07208785513469129,0.06930288576452384,0.058681408997139826,0.04736507047937094,0.03727587816769449
Weighted-mean ISOVF in tract inferior fronto-occipital fasciculus (left),0.17511188468559655,0.15497832604618292,0.20606088954680554,0.20928613911548344,0.23038520204008336,0.19312092987062665,0.2007176045095263,0.1670367756891277,0.16074074525649917,0.1660623156693051,0.1480886923817455,0.11383621399073693,0.10807160290705539,0.0982240149622662,0.07344033823119288,0.07352513948689947,0.053568523762144334,0.04641845400373057,0.03786435457389755
Weighted-mean ISOVF in tract parahippocampal part of cingulum (left),0.1701164441813781,0.1703968089802515,0.20598053756159207,0.19373579541151947,0.18550771254077472,0.19196430237533135,0.17249576809766048,0.1766065978254301,0.14095299636077716,0.13687852973046663,0.12850733871609754,0.10694145481482978,0.09524431991120377,0.08420104805099614,0.0766328321495051,0.063797939943981,0.052249186309407586,0.048366364166945085,0.03993887162838564
Weighted-mean ISOVF in tract corticospinal tract (right),0.16968765088216461,0.1542886202235465,0.18541814064153933,0.20209922640771455,0.20110748831046563,0.19188632523448643,0.17057913158236876,0.1448621943588853,0.17769229791111665,0.15915922258088674,0.15116068919532938,0.10537253602898786,0.10044057429983841,0.09559128675729354,0.08628812917934114,0.06703504841684861,0.06598772208944143,0.054485181081382096,0.047218696115809235
Weighted-mean ISOVF in tract middle cerebellar peduncle,0.2165317144027223,0.14100151306216024,0.1737697768945972,0.20034397847644075,0.21424806513386088,0.20866768331248373,0.19430711773966103,0.1699563186418381,0.17372471018245011,0.17752578883573064,0.14000185175386864,0.12635820355929692,0.09295402810415147,0.08745063015024052,0.07569451423778448,0.06852871174304884,0.05106881942915863,0.05814768146327033,0.04658815233794927
Weighted-mean MD in tract medial lemniscus (left),0.18994260226886836,0.16472273144330832,0.18583194279438633,0.22310239776495977,0.20075542503408061,0.20360510115441408,0.19470025598005092,0.19446013095167608,0.20237618066070776,0.17581730625330813,0.15579416545115865,0.10382470725308737,0.11097556519603582,0.10564186576114616,0.07684926438651549,0.07617728170474666,0.07253489849476193,0.04700722297316381,0.0459040919476723
Weighted-mean ISOVF in tract medial lemniscus (left),0.1823624127904427,0.15268585822616043,0.1775427519773042,0.22370099380100725,0.19720033721685196,0.2114601331026339,0.20158895271710858,0.2047186596801606,0.20971498722101675,0.1804616082971027,0.15448181990365004,0.10585422763146615,0.11420414752547688,0.11136302200311968,0.07545322270296373,0.07016027884291506,0.06943334924379765,0.04467014519871265,0.04466689455141599
Weighted-mean ISOVF in tract inferior fronto-occipital fasciculus (right),0.18941646290151817,0.16354200795612023,0.19156109544245628,0.22474641908393903,0.2291293023517128,0.19494166998848445,0.19695524570364314,0.181552567052837,0.16001215689451326,0.165164864354401,0.15865897210414492,0.11564798176762091,0.10699151782717804,0.10719670042148383,0.07597814756723625,0.0785176362871522,0.0604317220327897,0.04916865584484254,0.03962928166088744
Weighted-mean ISOVF in tract corticospinal tract (left),0.18506566205676556,0.15013922155818854,0.1892454132102656,0.1944459926149229,0.18562838133011,0.19157142951387698,0.17343282894191603,0.1503158123803928,0.15806307125481944,0.14980832908538227,0.15107513262064273,0.11622229238315106,0.09538460998876816,0.09293375878373639,0.0916265501458664,0.06492621158502539,0.06493401539770659,0.054598415077780384,0.04672136662159764
Weighted-mean ISOVF in tract uncinate fasciculus (left),0.1793656864324274,0.16593804948053567,0.17377449985557694,0.185014479277436,0.2066030883054396,0.1939211900863145,0.18422293884867957,0.18773261637581978,0.16599043594746654,0.16628378880893613,0.13621878465926118,0.10889370923087822,0.08655398362341786,0.06919961799322975,0.05950597957211092,0.06559179823677866,0.050423468309411495,0.045893361364346213,0.036810510556678125
Weighted-mean MD in tract medial lemniscus (right),0.18017506261538005,0.16731813689688332,0.2238065202687999,0.19933129037086397,0.20381299232480998,0.22243081488188876,0.2121724319629107,0.18636412148903791,0.19640346098580166,0.16438591243854558,0.14937720905417987,0.10651498757396642,0.10710873824948233,0.10143598434707186,0.07809833462236336,0.06981527083547853,0.06444133631911572,0.04421163591030201,0.04561529343475851
Weighted-mean ISOVF in tract medial lemniscus (right),0.1929166663193861,0.16128131087473274,0.21739659102512285,0.19831838730098175,0.19472119005135222,0.21958875764783006,0.2216031970384875,0.1925517576364469,0.197007506651262,0.17430653418812284,0.14745558719008414,0.10681736846450374,0.11179964345381255,0.10847553063314294,0.07698441079828937,0.06466041939064296,0.06252374498998466,0.04336717926859955,0.04461592881240141
Weighted-mean ISOVF in tract uncinate fasciculus (right),0.1865353659729136,0.17703864206236575,0.19081864588400932,0.17803211133890276,0.19306050855164564,0.1997701683850526,0.187018646332147,0.16578507059611264,0.14499999908348296,0.14724182542530426,0.12371355245865262,0.10874971850803675,0.08510890771599997,0.08341007693798384,0.0631069912657542,0.06583645304433988,0.05285346111393494,0.04041434500105584,0.036804720672595964
Weighted-mean OD in tract cingulate gyrus part of cingulum (left),0.20628026547880474,0.1783686736582932,0.20713400156322992,0.1977870353747571,0.20895447230076314,0.19038917241256692,0.19728638962582162,0.1738127295337157,0.18281295260997973,0.14597992919691222,0.13946267324744674,0.11370045156839735,0.10296489234778644,0.08959521860635683,0.06953200301188905,0.05566865482687985,0.05998505507425011,0.050406376534705415,0.03904771246838577
Weighted-mean ISOVF in tract forceps minor,0.19555624740766897,0.1513491237355852,0.1914703082558925,0.18801362171280828,0.20264199455319803,0.16924713145111903,0.17729402315504478,0.1666841262884063,0.1329398835159452,0.14654708744601344,0.12392493327649397,0.10748005463725142,0.08993884777072934,0.09571343561372994,0.07474671286771656,0.0698917927648226,0.05082832021758338,0.04668736508585293,0.037185165227707206
Weighted-mean MO in tract acoustic radiation (right),0.15179915100630226,0.15647978645641178,0.16333811659668648,0.1873767285813353,0.1679459176280404,0.16724138048905424,0.15620837071733767,0.16253480362539094,0.14616685574037525,0.12523515722042627,0.11301178583948941,0.1124744034427511,0.09115701396206667,0.0684080537787573,0.07427980444464174,0.06561351129378691,0.04498965013901387,0.04227070645570486,0.03289233401518617
Weighted-mean MO in tract superior longitudinal fasciculus (right),0.18295260945466163,0.1484406184847668,0.19018514914857876,0.15727776313052888,0.17160041533213763,0.1468988990456197,0.13703775474063315,0.14371613965423283,0.13691672627002563,0.11750192731785006,0.10470978803340315,0.0789298994722018,0.08141761166335386,0.06675024259669729,0.05938889948480212,0.057760344756592946,0.04617020485901439,0.03967761696956041,0.034663042588484134
Weighted-mean MD in tract forceps major,0.18862400686097883,0.13826003722076924,0.19191725085867067,0.20178709648422508,0.16427505507724846,0.19919120933799264,0.19134881339944884,0.19306613119773935,0.17415183307367965,0.15730074006065783,0.15493228726450636,0.10973928096337723,0.11647069334252369,0.09766417259932957,0.07955346250905553,0.0794088249328472,0.06619318023156334,0.05435998355517921,0.044869605429940146
Weighted-mean MO in tract parahippocampal part of cingulum (right),0.19857074883965056,0.16478888619722842,0.19734276843444792,0.1866619930809075,0.17918322792303396,0.17650226158625515,0.17513615730198923,0.16753212849531438,0.13410280216994253,0.13162420411268136,0.1153690525472468,0.09857473417797635,0.07262326854803271,0.08195307827228734,0.06666559024214742,0.05469749542434484,0.04734147944886958,0.046400031564923644,0.036535569779172085
Weighted-mean MD in tract acoustic radiation (right),0.17599155991377394,0.16441182381280633,0.19624254230303811,0.17812385796278254,0.18552528619125228,0.18337811676758778,0.17552263028767684,0.18587913611567863,0.1692426884852835,0.14824858321024464,0.13125296898114075,0.11581198549693265,0.1081095106977741,0.09051389244475301,0.08342259237349815,0.07131862834540263,0.0611110819698902,0.05825393999503906,0.04999049746112674
Weighted-mean OD in tract cingulate gyrus part of cingulum (right),0.18144758643446654,0.16585650627985124,0.1865648712483946,0.1932356790730968,0.18416141573104958,0.1927194873506278,0.17472444796721248,0.18022033092743153,0.1671620513868577,0.14681931011563912,0.1420883332949153,0.10368728480436125,0.10328093249687481,0.0814122447142441,0.07475656304500503,0.06835392519584912,0.05410047133327293,0.05183321810700348,0.03820423311718012
Weighted-mean MO in tract corticospinal tract (left),0.18326626534460225,0.15697926981040577,0.18665620466449026,0.19660682012451416,0.19364536028535712,0.18900437899502948,0.17386739127561543,0.1770236854367997,0.16245834944795068,0.1423284568073402,0.13377483798357825,0.1316410987517971,0.10064965296527259,0.0995469975990633,0.07377586748033503,0.0703210730214896,0.05661666791303842,0.04648124646692083,0.04162610596608463
Weighted-mean MO in tract middle cerebellar peduncle,0.20742777267852405,0.13216214493322945,0.17548435812360413,0.193813032892951,0.18558541505192813,0.2071968484813329,0.19803176209633608,0.14926674833749182,0.16049555684360925,0.15941433538286034,0.1492172163412364,0.1263002407272398,0.10460378608804553,0.0771180769832289,0.07338205709296368,0.07202502290995841,0.0519630892691425,0.04909909213221915,0.04520385204311142
Weighted-mean MO in tract superior longitudinal fasciculus (left),0.19795792303340143,0.14752231408352873,0.1820918974339591,0.17659009559367028,0.16814271222728405,0.1645605135113416,0.14474277540468847,0.13353043604072623,0.13921954798093752,0.1165551459256118,0.10294008835662233,0.08755690587864923,0.08382501992394167,0.07112521665929597,0.059137475008148824,0.05981311229704582,0.04647788690101938,0.04390861623658457,0.03538166558512491
Weighted-mean MO in tract corticospinal tract (right),0.18508880314912574,0.1432103398864345,0.19089632951779292,0.19163503744283916,0.18828961561733526,0.1823533526406576,0.17306452259248553,0.17793802113945967,0.1630796388097528,0.14557628931012992,0.12942107198702144,0.12944673376314636,0.0982200885924591,0.09731105219282389,0.07296515346217416,0.07084648564139825,0.05407179270664901,0.046978840349114,0.04035214535216635
Weighted-mean MO in tract parahippocampal part of cingulum (left),0.17355193903314295,0.14852431966545576,0.1575252657626527,0.18445470917531115,0.15836743313888552,0.1744886809294121,0.1677706033416607,0.15093632863774342,0.13612096162913576,0.11407641414901905,0.12672697413962306,0.09305409044057507,0.0668764829629789,0.07848259053676858,0.0628409734587558,0.059815461724248765,0.04808727291810568,0.042735470005630355,0.03640781050600572
Weighted-mean MD in tract acoustic radiation (left),0.18710485958463538,0.15779739824930944,0.18321827840731172,0.1774395587166042,0.18695258662053907,0.17777021367179385,0.17725245120420188,0.171042151672887,0.14680390018665648,0.14676931164413265,0.11378394120461405,0.12265213358770533,0.09934740218949344,0.08904252713398929,0.07985221371902275,0.06892478956941092,0.059723975778410966,0.05422784891449325,0.04449992511060844
Weighted-mean OD in tract uncinate fasciculus (left),0.17234370961296872,0.15811140515790756,0.1595350424930067,0.19835297234217006,0.18692678710748128,0.19008887473574929,0.18160430424865837,0.18283275848278177,0.1662705136679227,0.1418078812907275,0.13008394534180068,0.11365026478797248,0.09451722013812973,0.08899773555572597,0.07315215449245902,0.057175472524836374,0.057052864029029836,0.04075743553235989,0.036230455201687516
Weighted-mean OD in tract medial lemniscus (left),0.1873651297988262,0.1657415988522723,0.19356287380694065,0.17583194977352898,0.2071403826148415,0.18524201465902662,0.20084563746066478,0.18158307246988872,0.1831469936450642,0.13063205320780757,0.14450445729306563,0.12414328002749321,0.10293507988615881,0.09745671472891983,0.07490677569529637,0.06813270211331447,0.06203727987781453,0.04835010395159568,0.043626454148248985
Weighted-mean MO in tract anterior thalamic radiation (right),0.20542272799526726,0.15956146149080067,0.17351457383408964,0.1823338036701766,0.1916002160075907,0.1700557539900913,0.15247370729995718,0.1523550482582207,0.13899122295080368,0.13081897540792328,0.12402362170087332,0.10398062398825678,0.08989812821677885,0.0801116255161831,0.07683150829916056,0.06788623181122566,0.05642604489420724,0.044991896598071346,0.03996890020084433
Weighted-mean ICVF in tract medial lemniscus (right),0.1657107169577729,0.13551339796158787,0.1988326570474508,0.18562352157587336,0.1826363191019081,0.16745861171036983,0.2109264067596777,0.17045262262310626,0.16704530335308065,0.15372835676599558,0.1377628857709623,0.12451480206040513,0.09200965366381868,0.09266039409362205,0.08482857384158228,0.07083875928194687,0.061339114142047735,0.05351928439111097,0.04752544445678735
Weighted-mean OD in tract medial lemniscus (right),0.1918543444055954,0.15638362528632857,0.20051555493832526,0.18036549449370043,0.21314040708603552,0.21144338303159732,0.21010444091231123,0.1838809803906808,0.173227692786667,0.13620816090847276,0.1480443925044788,0.12638982068776103,0.10457855709196144,0.10218230799928409,0.08057284364315084,0.07144343691484442,0.06244304571956496,0.05074063749819826,0.04513355809419509
Weighted-mean MO in tract anterior thalamic radiation (left),0.1808824786568614,0.13726867536061224,0.17965479286997282,0.18345844599384423,0.1975647089922152,0.16733755976158152,0.15582907080184302,0.1477381149948478,0.13617973913301318,0.1306637825863724,0.12466394017600434,0.10291196349852218,0.09636525365251955,0.079467876802814,0.07826529855753554,0.06938512576768271,0.061705985444825875,0.04184919128879169,0.04166711925843386
Weighted-mean FA in tract acoustic radiation (right),0.18187230060320592,0.1864040846789066,0.21343383029274157,0.1923589979813964,0.2063592938212254,0.19131868826347903,0.1844443779926257,0.19549692616689926,0.18088141255228932,0.1604419986663552,0.14141343682456486,0.12236096371884436,0.10007146513767727,0.08914725473420858,0.08809501216639685,0.07531185148698873,0.05677631728895966,0.05484599527987674,0.046259784024050545
Weighted-mean OD in tract parahippocampal part of cingulum (left),0.19123806159056236,0.14617684543217752,0.16768531743210793,0.21686067731349948,0.17597634942246354,0.17737525587994452,0.18377452693115745,0.1841899911924222,0.16293162304954456,0.14804866032856603,0.1539953662913309,0.10352421875718286,0.0781257257254831,0.08259587675534238,0.08012787459878083,0.06657613676559584,0.055232399271586886,0.05325749671031905,0.041658508064642545
Weighted-mean MO in tract medial lemniscus (right),0.1684301521247449,0.16412126568434607,0.19667270424086972,0.1835720017798988,0.188754136428933,0.18100837702976336,0.18765742969295868,0.17043086429030743,0.17077183622264644,0.13070006598386139,0.1441834751688443,0.12696475936570456,0.09764499875814893,0.09828788286258236,0.07837724075398626,0.06935641472459515,0.06257191935423229,0.049951162371947334,0.04440121276906712
Weighted-mean OD in tract uncinate fasciculus (right),0.17834798950223227,0.15023866316219603,0.18074891038820945,0.1989899110700841,0.20982740068632727,0.1888115326049074,0.15806187944297964,0.1749101793619116,0.1735315671473124,0.13813409988441824,0.13561139219461954,0.10593367065701471,0.08531116354810826,0.0808401223209942,0.07096037838098188,0.05765023462481936,0.0497422968601337,0.039615578578552454,0.03530809205761439
Weighted-mean MO in tract acoustic radiation (left),0.20196115723073027,0.19773330280411802,0.20918142769544967,0.1626331872465232,0.16416061284313582,0.17493287858703827,0.16252479126261235,0.1474497236030534,0.1414381379452532,0.14431285106086333,0.11163508777264938,0.11664576251065692,0.08306442793095649,0.08212993699802112,0.066413324744249,0.061931257255692505,0.04765528694108256,0.04438938341579227,0.03370744563932789
Weighted-mean ICVF in tract medial lemniscus (left),0.1577251773193722,0.14731661666087853,0.19166711478683232,0.18789213860006343,0.17872759249843848,0.1645310459005692,0.20597370405796228,0.17296494589464373,0.17044502413118132,0.1503916649500135,0.1376850120625873,0.12199520759733357,0.09140447260073342,0.09262823332250561,0.08098978009377739,0.07268885543846978,0.06268001889087393,0.05238111349377563,0.0467965767274862
Weighted-mean MO in tract medial lemniscus (left),0.19348568809945813,0.16448114655448054,0.1837135378286234,0.18023075511352854,0.19133296392773783,0.16532053454547388,0.18451493339472955,0.17928736155561278,0.16860690492312208,0.13352084340756448,0.13695538294121543,0.12199946148284235,0.09823749145109434,0.09351181063402617,0.07121726214182153,0.06971942192012918,0.06348260709726804,0.048637997805903686,0.045435865075554575
Weighted-mean ISOVF in tract forceps major,0.18502957775948167,0.14648749055698912,0.19923953598647307,0.19283891339883294,0.18929904674966508,0.1885263967585263,0.18618784159885804,0.19667795326195558,0.16714606330217638,0.14805905341408152,0.15518550805738215,0.11800717065489848,0.11593233261097445,0.09732179533283358,0.07987402146065768,0.07719587932775683,0.06311160432153809,0.05278605942723056,0.04277644671269289
Weighted-mean FA in tract medial lemniscus (right),0.196616866708848,0.15719174572279673,0.20182469738913958,0.18303079064815878,0.19057015733937333,0.20013222513143755,0.22133204228347947,0.18990609152261137,0.16392091907575373,0.14253889913798054,0.13719939250871113,0.11883097158098238,0.10420014025069302,0.10310917150573086,0.07508979753029002,0.07221752668411337,0.06413567784417717,0.050887431749826,0.046159495839605914
Weighted-mean OD in tract posterior thalamic radiation (left),0.18295137638725392,0.16213912621103305,0.19840450146430347,0.20640760913357253,0.18864662200649812,0.200345174390463,0.18847010384780796,0.19618572892488687,0.17936472427494263,0.14137594417648444,0.13674190946043988,0.1020759067494959,0.10328622843396389,0.08940022562624164,0.07699320027619981,0.060460664612824254,0.05363980558618013,0.04389141053385389,0.03908751968303477
Weighted-mean FA in tract medial lemniscus (left),0.20166745001095282,0.17656356168926812,0.19580103327860685,0.18541588483135119,0.20692929299891094,0.1767020724775207,0.1730316488807037,0.1674472235654031,0.1654159558495257,0.1314021921885332,0.12684965307667287,0.10997820790597797,0.0975346809773829,0.0976319491596394,0.0712911632915489,0.0707636525174857,0.06557905929518612,0.050823279370042815,0.0449957294245667
Weighted-mean OD in tract parahippocampal part of cingulum (right),0.1929843768108584,0.15921465685052796,0.17937829791136625,0.22915444393095333,0.19484406675232005,0.16881205424556603,0.1829741712586012,0.2052085283252981,0.15627857642141477,0.16436019203978858,0.145580022495235,0.10785871846886749,0.08393427561916994,0.08135131126408003,0.08538640079776531,0.061686804531013294,0.0521754301133838,0.054287048653681676,0.04378803681680249
Weighted-mean FA in tract middle cerebellar peduncle,0.18618911277702072,0.13897531121249146,0.18016039579639548,0.1893101221280949,0.17242716836274974,0.18408257670153622,0.18172666263404808,0.15267256217272793,0.167591990360522,0.1507491227508058,0.148121241517437,0.1089303340659953,0.09862793921228495,0.0746647438508177,0.07589461128350758,0.07140719087154868,0.05951261583118484,0.049469694038550414,0.044776849423994736
Weighted-mean FA in tract superior thalamic radiation (left),0.19598577108984286,0.1663398300064735,0.22916861891273183,0.21515079341142052,0.22055842380435145,0.21900068875245665,0.1830697765975058,0.19290174367071486,0.17729065840788344,0.17550971468600354,0.1450384736980602,0.13137061102482306,0.11819530382918254,0.10462755143855985,0.08538033941307444,0.0885711135238522,0.06621618381456354,0.05685713089426721,0.049983308647343634
Weighted-mean FA in tract superior thalamic radiation (right),0.18298016085677246,0.1758978200267364,0.2278269919382936,0.2028605732148388,0.2338971943030059,0.22331346455684195,0.19260920705041287,0.1890270907729649,0.18280216159996607,0.16526191184690042,0.1425111545077023,0.12567129364080656,0.11172292439871107,0.10592422794182191,0.08589625659682931,0.08546073271052515,0.06435802273483451,0.056134691927442096,0.04873717309806648
Weighted-mean OD in tract inferior longitudinal fasciculus (left),0.19003116424166322,0.15703112195010896,0.20946911657028483,0.2034937342334988,0.20129824515617367,0.20194509577013783,0.2097336101827986,0.17573485591392712,0.18552222700971144,0.1519084029941179,0.12987634000218692,0.11927763539289618,0.1049486407176331,0.09548864193411637,0.07115764871706313,0.06821519015509221,0.056494332503637876,0.04419515218878703,0.040967536832585395
Weighted-mean FA in tract parahippocampal part of cingulum (right),0.18330293947466383,0.1473942239002775,0.19741486769239316,0.21899078457798454,0.19759966590130185,0.16289070592765637,0.1839767856909705,0.20412144072687105,0.1643562288335653,0.16513611192169447,0.1488978372455808,0.118592321648048,0.09289118124589549,0.09781408071141222,0.09216778017940776,0.06672035180994253,0.05798748361294449,0.05416998790041523,0.04513831973274152
Weighted-mean OD in tract forceps major,0.18645503684857614,0.17856490785003873,0.20360911933372855,0.1643047864917162,0.19566543127832642,0.19228457904109744,0.1783618211453425,0.1832092537570642,0.16531016482473743,0.14452047060102263,0.15373752610498323,0.10516511390719258,0.09839071805893329,0.08548445576029738,0.07738628525473919,0.07053898909129527,0.056708510244767876,0.050470654330517326,0.04204504547499587
Weighted-mean FA in tract corticospinal tract (right),0.16037992335227252,0.1529747880442192,0.20838254247111382,0.18410293586976662,0.20901622942447073,0.1890846631890799,0.1957336689192347,0.18380292587966704,0.17778394312331505,0.15103746942781832,0.13500166689821386,0.12606016131354003,0.11551961099555286,0.10220824885928606,0.07837874978796802,0.08525604030113372,0.059928680670492555,0.05319639678397935,0.045613864189020414
Weighted-mean FA in tract corticospinal tract (left),0.19623387659363836,0.16129611495810808,0.2034559596916055,0.1825778689700663,0.20326275825268364,0.18239408354453954,0.18573428825919794,0.17886647335081526,0.17922064821819148,0.14833115587214904,0.13213551182068675,0.1266011056574171,0.11384319343248948,0.1001451058713197,0.07843625489022289,0.08516698142481714,0.060246876875687916,0.05138869418543085,0.04356880524893352
Weighted-mean ICVF in tract middle cerebellar peduncle,0.16638331054324135,0.15756883477407063,0.20156981238230962,0.19674974429007477,0.18097793620730127,0.18517027940826158,0.19433021876999979,0.17540509335069512,0.1605415200692044,0.14374539659557492,0.13495958567509575,0.1074461674204473,0.0929224977695451,0.08660448293369605,0.07223777673553099,0.07002891734717719,0.06078770234572406,0.05113412378572909,0.045572870364306683
Weighted-mean OD in tract inferior fronto-occipital fasciculus (left),0.1773871008187204,0.15823292695288343,0.1898260040267056,0.19943713877557007,0.2146914951726958,0.18995481924478955,0.18184122783042792,0.18595480893063357,0.2026589824629398,0.15673168971272897,0.13154672601979206,0.11630933722475256,0.1016418022568638,0.08541135620946455,0.0708358526429533,0.06267834501139938,0.05250058341098251,0.04335660992986079,0.04022579933716966
Weighted-mean ISOVF in tract acoustic radiation (right),0.1945405319329163,0.16984657436872852,0.20817448702628424,0.20289747132841396,0.20281857891485056,0.2029502582540522,0.175602075591824,0.194587475866779,0.15276200258568418,0.16424455107526925,0.14152025756580544,0.10721829014320523,0.09532462770513525,0.09229895481906343,0.07620362415293977,0.06924742379820285,0.05741950246656819,0.052404132018042,0.04424005016755333
Weighted-mean OD in tract middle cerebellar peduncle,0.19393623718819092,0.13728601486658834,0.1937833598909492,0.1905610307813344,0.19885866589567244,0.21315718905970302,0.20099676133948624,0.20235964108000237,0.17505231443332145,0.17633070085945476,0.16945619058270492,0.12618592809605836,0.11070044366911676,0.08634335291604789,0.08421564929915827,0.07749384584450882,0.061692796390809164,0.05609883372540766,0.05070141685455679
Weighted-mean MO in tract inferior longitudinal fasciculus (right),0.19343528553076425,0.18908121158603328,0.17694346406213649,0.178820247869921,0.1628676415176283,0.168454655520663,0.18700488238944157,0.17019141977043148,0.15801572695191834,0.14876176576542963,0.13881140906607975,0.11163174750834381,0.1085577409198178,0.0880754258635981,0.07509399574532948,0.07041701300180858,0.0586296662019677,0.04703907512902869,0.03845751631865905
Weighted-mean FA in tract acoustic radiation (left),0.21023478701505321,0.21500882493878815,0.21795831011751562,0.19248893124115335,0.20887903933962876,0.20110333438973566,0.18987263079506345,0.18290258931960776,0.19214791239907955,0.16450001926878247,0.13183714748545675,0.11926601726200312,0.09165431664017841,0.09115096915546522,0.07688756362208285,0.0761689564724743,0.0602038677703766,0.04745822702716621,0.03526774441412155
Weighted-mean OD in tract inferior longitudinal fasciculus (right),0.17589895154362425,0.16417664684899144,0.18341654339156252,0.20452068853826694,0.17665435485169373,0.19795358875649177,0.1859095758255003,0.18253123461260817,0.16715073035117028,0.1410875628819623,0.13147414466971005,0.11248999691149356,0.10037949572306851,0.09395216165162434,0.07368931079290791,0.06420118810213617,0.05616150847184903,0.04430284271971125,0.0395892763972015
Weighted-mean OD in tract forceps minor,0.16547775275526225,0.1677307527370473,0.17983698254834263,0.18441633788121486,0.19477985132807682,0.1724183529512138,0.1879093300859669,0.18129316189106573,0.15727001584059572,0.15642652412992797,0.12031217815159337,0.1047392636973415,0.08606226217070707,0.08541356451383995,0.07884385747721777,0.06163793617795135,0.06243891682390303,0.0503210075814401,0.04132760052114668
Weighted-mean OD in tract posterior thalamic radiation (right),0.1747203217474055,0.15950739453873938,0.17954799030061835,0.19079309682197051,0.16751014087899746,0.16814726708730973,0.18438765282147992,0.18895877358872892,0.17273376504926868,0.1435249584612975,0.13995543175720143,0.10590673967649111,0.08982589270084607,0.09400581485085917,0.07657334791499637,0.057909965248803735,0.051626483361928745,0.04113809066828556,0.03664017724114916
Weighted-mean OD in tract acoustic radiation (left),0.181027335095849,0.19738232592588242,0.20123003465154735,0.17675875004278227,0.2023413341401137,0.20067262098594174,0.1937940029059391,0.18102790966287585,0.17775928337580352,0.16745585460989384,0.13020418459453895,0.1194715725375121,0.09062659344342643,0.09739054939462706,0.07148208517382802,0.06792565087134014,0.05597197740921516,0.04811163554499494,0.03692749500011661
Weighted-mean FA in tract parahippocampal part of cingulum (left),0.16915080910222535,0.15193002089452284,0.18577433752005099,0.2004425131735528,0.17882974001719076,0.19595472492944696,0.19527638665055666,0.20028255993185676,0.15862968253245052,0.14894656067110879,0.1600339067215109,0.10549046816968635,0.08265843612822071,0.09203117621914483,0.08607153557836072,0.0723000767645857,0.059113956128880596,0.0521156777124944,0.042553010185881444
Weighted-mean ICVF in tract parahippocampal part of cingulum (right),0.18040365873460715,0.16190438666549647,0.2027480789801143,0.18856952180996214,0.17492490128220298,0.18978568241788607,0.22310222909810018,0.1749555245955292,0.17177143115790497,0.15107659625677514,0.14789060930792208,0.11215215429796033,0.09282193549691034,0.09490378281985884,0.08081639621384602,0.06987863202209058,0.061597838724140826,0.04738459954414353,0.04257228608531288
Weighted-mean ISOVF in tract cingulate gyrus part of cingulum (right),0.1877909838081978,0.1566197714580576,0.21042036074369092,0.20171212230288021,0.2048718616159153,0.21624834540795554,0.20061325310339823,0.19431843850375574,0.15911888103030222,0.17997034587549635,0.1472933806752409,0.11123405260271996,0.09668523617471854,0.08781669615115215,0.07956002340523648,0.07159407238541643,0.057914506483617186,0.0554843908373216,0.039822932614518206
Weighted-mean MO in tract uncinate fasciculus (left),0.19657373720283053,0.17606227018962287,0.18704562387350468,0.1849165099275332,0.1764913669997458,0.17055571395111824,0.1763809794237134,0.1664715529706824,0.1538424225627017,0.13844333205900566,0.12964009151755831,0.09632678474319459,0.07981296792797471,0.07979618051634561,0.0550998587390887,0.05178660809300759,0.05076205877888369,0.0381567403306502,0.03438838686923341
Weighted-mean ISOVF in tract cingulate gyrus part of cingulum (left),0.21233911005193176,0.1505466152060165,0.21275465534007212,0.1942282982051422,0.22413377074225635,0.2082284974747639,0.19554933340504976,0.19149559909220012,0.15372773169550763,0.1750167036134461,0.14923580815909424,0.1121156799787994,0.10156258946085012,0.08815111980105365,0.07959802458321,0.06872274230173436,0.061992636760312206,0.05586964105639744,0.04139787944907011
Weighted-mean MO in tract inferior fronto-occipital fasciculus (right),0.16891075541367775,0.18098679941342716,0.1697227864072077,0.16780079682893945,0.17555593655479126,0.17659067543327986,0.17445718922421333,0.17194138715039428,0.17946774111373903,0.150929789725819,0.1353412818920119,0.10747082219597995,0.09313823880228836,0.08354287730306384,0.07240982855664362,0.06557829601281293,0.05582484018835089,0.04577004936960045,0.03907722342046375
Weighted-mean MO in tract forceps major,0.2044933910652293,0.15328026244564086,0.17911756749915453,0.18123847766067885,0.1728976050348955,0.18364300204651265,0.15614118306706387,0.1646450185943617,0.15655920541088658,0.13234259039536797,0.1313773787391537,0.0927062451322201,0.08939291220469334,0.07698030805625279,0.0675692190366508,0.061742873919789325,0.05023814431323085,0.0467634840188022,0.036088500943028505
Weighted-mean MO in tract inferior longitudinal fasciculus (left),0.19281509319637724,0.15772937025366696,0.20002216550578308,0.17796042239043539,0.17207197372940325,0.17262207935726365,0.17899452863596665,0.15646812448781533,0.16478128465233155,0.13900060395167912,0.13876093770925446,0.10720278317802011,0.10468957417937123,0.0857033980720238,0.06206424109951884,0.06670665097095715,0.05303439890437843,0.04895448918985678,0.037966806264674
Weighted-mean ISOVF in tract acoustic radiation (left),0.1878499044495147,0.16063070807191115,0.18301884203684823,0.203771745197637,0.20467913910291743,0.20000646852572482,0.1890318300142494,0.18392738936130534,0.14357919707248182,0.15918324790628466,0.13832459681166867,0.10814270529934618,0.09028043691699954,0.08696733226647682,0.0761817522245101,0.06554391085312415,0.05662645190590094,0.05049301976416506,0.04248266756801576
Weighted-mean MO in tract uncinate fasciculus (right),0.1803028962914482,0.17567608358185893,0.16338150821131905,0.1597980956257652,0.17590344911279995,0.18165533026308855,0.1711728727469452,0.17597686715717684,0.15573926949593872,0.13778895872431268,0.1309584741348965,0.10405812691115675,0.08093379678466078,0.08005624137547397,0.06605983847126815,0.05761202661232113,0.04958142479686317,0.03808132625415513,0.03505592675494098
Weighted-mean ICVF in tract parahippocampal part of cingulum (left),0.19496416507631925,0.15975264273026335,0.19511082292276022,0.17574386372062864,0.17810022239979295,0.19286510670476475,0.20735692131273417,0.167267133864835,0.16126248165379642,0.1413327432498504,0.1461743808233497,0.0955235703555973,0.09143684057047663,0.08470017035327043,0.07760369139749161,0.0710285127409261,0.05927334196339188,0.04720520724374801,0.04152769385351806
Weighted-mean OD in tract inferior fronto-occipital fasciculus (right),0.16992221408090338,0.18050936582442315,0.1887122787319641,0.196158191635805,0.19471290800166224,0.19717269104737953,0.19276217731138817,0.19245346623672605,0.19283739576945894,0.1578973434396282,0.1367964499215826,0.11297429331006573,0.09780789196684911,0.08234481420947397,0.07061320496435113,0.060581996393710175,0.049860796190885626,0.04134278637545643,0.03853708049548477
Weighted-mean MO in tract posterior thalamic radiation (right),0.18981727882037008,0.15986398845269065,0.20138817983755647,0.1732469382002527,0.18369972446174737,0.2017066579113992,0.1993235361272887,0.18232695317538025,0.17440393490166625,0.14929309293259124,0.1350067879728238,0.1128423916147979,0.10513727467133033,0.0877632250860338,0.07368126857558398,0.0691500383356487,0.05710358376874041,0.04769864344745299,0.03577445820342522
Weighted-mean FA in tract forceps major,0.19632345753736988,0.15895582533210725,0.18995497531041647,0.17323231166789446,0.1723461393276946,0.20036297389396376,0.19818724035749977,0.18895297722125004,0.19298556320746765,0.16338169259688617,0.15714406441206888,0.0948991693658731,0.11166052946227459,0.08553956653559752,0.07522483728536176,0.07585843450892521,0.06135273833988222,0.057360469707088746,0.044512287646838324
Weighted-mean MO in tract forceps minor,0.18057089927304298,0.17262132087813511,0.1714669793553638,0.1945881611272775,0.1840631766776161,0.17271108894020096,0.1615067377005161,0.16052312293731438,0.149468915175898,0.15520783418936765,0.11731771265465701,0.12508055106573812,0.08462191796516635,0.07882340449666712,0.07590828229329154,0.06660285587470774,0.06021101621983383,0.04751517492162736,0.043242726678057994
Weighted-mean MO in tract inferior fronto-occipital fasciculus (left),0.17090379012155557,0.17096350740749547,0.18922622241784517,0.17898902744285922,0.19051761364963612,0.18131375669119904,0.19569727221559036,0.18125677229099518,0.20224793953128709,0.1467279471948067,0.14889649933562904,0.10954223969433778,0.101161753655526,0.07883844205706443,0.0664444262671669,0.06344095419830309,0.04854351836754774,0.045415834111073194,0.03879365214468009
Weighted-mean OD in tract corticospinal tract (left),0.17342468014484005,0.1483803991305788,0.1964183676039577,0.21543925025656507,0.2131086440736103,0.2166897478736803,0.2012557183757242,0.20828599888309804,0.18314177256643432,0.15758645572526792,0.1458309037250446,0.12999288403773263,0.10515175448115507,0.08973742530495864,0.06740393416189103,0.07216086486895953,0.05907006194273008,0.04551962230510081,0.037371900947439626
Weighted-mean OD in tract superior longitudinal fasciculus (left),0.18078902078273654,0.16604918405592312,0.18596635245527074,0.18281942739400228,0.17536341527143845,0.19622147789349142,0.1852483692375267,0.1657379438040175,0.16884313932308875,0.14242694997230973,0.1265892388239643,0.11838197473589958,0.10270457222270185,0.09682611075544001,0.06574236381127464,0.06500028901264367,0.05558869521840738,0.04741872973004602,0.03803450884593165
Weighted-mean OD in tract corticospinal tract (right),0.1703719412375989,0.1439292515813576,0.20649722052536829,0.2058767990781491,0.21061922238269098,0.2155731111062908,0.2023211726326994,0.21058208694029812,0.17447052273881183,0.16594958669152537,0.13968179093632316,0.1285378862917002,0.09917635477452375,0.08476277428274037,0.06520229692915586,0.07250440709340299,0.057673315653733924,0.04700840541385082,0.039471629349516923
Weighted-mean MO in tract posterior thalamic radiation (left),0.1893077403065065,0.14804698818195447,0.2061422193893227,0.18477262672899414,0.16911209772830213,0.20269089602417484,0.20361112371197287,0.19547678618669062,0.1864786171236184,0.15031584831184275,0.14703298590743136,0.10258375477911896,0.10323278324128086,0.07978082506379582,0.06996622660693726,0.059827996757631716,0.04906001501645153,0.04594081256571594,0.036990938398321176
Weighted-mean OD in tract superior longitudinal fasciculus (right),0.15867789205489088,0.1781732584089405,0.19589280257857597,0.17108362004331384,0.1808204656133554,0.20522705401580082,0.18419097473232252,0.1715524610088204,0.17065202221803683,0.13596552500771994,0.13538329631001475,0.1188280300889112,0.09643517929546372,0.0936048082540221,0.06768657303881882,0.06377666670745015,0.056135389246653934,0.04425845007979668,0.03518357670669661
Weighted-mean FA in tract cingulate gyrus part of cingulum (right),0.17960950632816805,0.18936505637067097,0.19457046800763445,0.16497950800621083,0.1773009826212197,0.1994144434879329,0.19028844342868223,0.19694048312214515,0.18332764141384988,0.16468291285837575,0.14982114391364487,0.09765000751903785,0.10100997955909045,0.09387351400892079,0.08105846919114615,0.06791672675462124,0.06040563808310321,0.05227523597838,0.037514773154375305
Weighted-mean ICVF in tract forceps major,0.17156809452835878,0.17263944195267722,0.2152762640884869,0.20520434845311816,0.1764838154669503,0.20831416910548925,0.21985466237203727,0.20791991162123372,0.19279875808795444,0.16955286381588472,0.16321496931254917,0.08724395650702639,0.09743956957328889,0.08191846854569604,0.07258664079943036,0.06840793904664091,0.056716231122727064,0.047905125045355004,0.04071959828428359
Weighted-mean MO in tract cingulate gyrus part of cingulum (right),0.20669538568252288,0.15681669380196198,0.18936572102345287,0.20159145156590286,0.17646095067463946,0.20334455041640845,0.19251887913110413,0.2017381075577754,0.17018917619282764,0.16859803808526583,0.14014786027482076,0.09801058534789912,0.08734816097109752,0.07248887409473466,0.07181150392755777,0.054836939304544,0.05034233292117146,0.042842407028610134,0.03242710854160338
Weighted-mean ICVF in tract corticospinal tract (right),0.1634616217729065,0.16017625013617315,0.21508347463849523,0.17910651813696563,0.17308850601888395,0.19828415493818288,0.22545055784817017,0.2029393096275543,0.20141246832617454,0.1674200985705837,0.1567012496750674,0.10052172589556492,0.10306766905353298,0.09038846945561373,0.07491170217934608,0.07028197547678444,0.060283915102792615,0.05377609645594344,0.04836242112614665
Weighted-mean ICVF in tract acoustic radiation (right),0.17968164045224932,0.1572928687285866,0.20842798698491957,0.1904042882971137,0.17509157758342808,0.187195007076454,0.22224170348077704,0.20134720269768297,0.20078703033733505,0.1692391786457176,0.1528471169161781,0.09784176730235472,0.09802525965568328,0.09052234299769243,0.07821124876650962,0.06663310501121006,0.05816614673150093,0.05038030703875292,0.044260148497938925
Weighted-mean FA in tract cingulate gyrus part of cingulum (left),0.19936258027136589,0.18105695125364105,0.2061384382013428,0.2036389351118861,0.1908548843820808,0.19957652049610752,0.2095037432660682,0.20253728930941417,0.21779834973658432,0.16982931304551777,0.15869367383423527,0.1124383419398832,0.1047608217649661,0.10054602552936316,0.07804555357936145,0.06105429533442736,0.06802551638073392,0.05399830026620557,0.04094319027125136
Weighted-mean OD in tract anterior thalamic radiation (left),0.18984044537214304,0.16311411987183455,0.20077036198841594,0.2017310913053839,0.19262151965263682,0.2043772291309272,0.2160750679064813,0.20653015788413948,0.18257498246722065,0.16454925432417655,0.17057771992921897,0.107882540043938,0.09379883013667897,0.08838569466638853,0.06918310813465661,0.058876786019057444,0.05421295390609727,0.040624357893341644,0.03591936538228955
Weighted-mean FA in tract anterior thalamic radiation (right),0.17537860832172777,0.13872233547765833,0.1908840100572981,0.17767022333645646,0.17495382721448688,0.17598434343386665,0.18658563836251454,0.1890659150391055,0.2015868513646614,0.16682263356279345,0.14123874555910437,0.10286787211901814,0.09944822247852532,0.09003816498883854,0.07364088498521049,0.06651838116847737,0.05686263187705636,0.049277533918654595,0.04095449887795996
Weighted-mean OD in tract acoustic radiation (right),0.15846415025995506,0.172000206955466,0.18974853576971107,0.19670375199496767,0.1889257120919183,0.18737394710509206,0.18962202339603743,0.19265666588802863,0.18017633156256943,0.16991436581729152,0.13442063845809615,0.11406338909520752,0.09001865263922015,0.07550468317920218,0.06526975414428624,0.05976427314721388,0.038968387444410085,0.04152993268092612,0.034162457954827516
Weighted-mean ICVF in tract corticospinal tract (left),0.16864365816780774,0.15728393739932667,0.21998109259109644,0.17559732338606504,0.1725467494277757,0.19376486383461983,0.2227105704215013,0.20095289155998453,0.19969876583128074,0.16671924586103762,0.15386790668277223,0.10115723475184261,0.10195665185892087,0.0868453416615998,0.07353684344343239,0.06959210291154078,0.05893580051056981,0.0525412828041741,0.0464998099312884
Weighted-mean ICVF in tract acoustic radiation (left),0.18490293458151016,0.17258847813571424,0.21007891563233894,0.18466317649342848,0.17799884448357325,0.18901856882893706,0.21627990096780814,0.2084275798920421,0.20558090002514356,0.1653970339603549,0.15055638970337748,0.09590830286696692,0.09270439765450764,0.08713205743264699,0.07529891537489279,0.0650173557103355,0.05647546056852555,0.04919871326877341,0.04104693954955819
Weighted-mean FA in tract uncinate fasciculus (right),0.19099418838493273,0.15804035383200263,0.21080554476130778,0.19407046690474536,0.20728390592420606,0.17841229329997677,0.19666677185559184,0.21395708569583585,0.19769964138279308,0.15133690369808153,0.1521506274131116,0.1092612267036775,0.09163430122973605,0.07886782761546522,0.07576057020380031,0.0602132146483661,0.052396428318618,0.044143202051300505,0.03840492251847245
Weighted-mean FA in tract uncinate fasciculus (left),0.16440705050583437,0.1461815441586714,0.20562550655723105,0.16586015046618,0.1955418776271242,0.17867788125852407,0.19615335059926128,0.21802390207554012,0.19503965653694902,0.15645700638117502,0.14227734017077565,0.11123205618622001,0.09545327323201624,0.08583263207407371,0.07786346116706122,0.06423224312639925,0.05720544247893433,0.04691799520905114,0.0394588833667484
Weighted-mean FA in tract superior longitudinal fasciculus (right),0.170678718706114,0.15612692259632413,0.21567906779183196,0.17189103470143438,0.1828783030725891,0.15217643862105698,0.1683486448583133,0.1777640539977256,0.1931198501156563,0.14739473737284042,0.14810424365962202,0.10926759923455372,0.10900815811598595,0.09304387178041351,0.08100230165652829,0.06522228777778741,0.05957321433349637,0.04945661490944943,0.0435413711286229
Weighted-mean FA in tract anterior thalamic radiation (left),0.16198096620935754,0.14333037820906142,0.18469237860668566,0.1691789876704778,0.1714824840347899,0.1704687364616508,0.19674328654876777,0.19801606479152384,0.21020433342661238,0.17020775442786598,0.14498851769802482,0.09992263597191044,0.09736133174694218,0.08844763725181369,0.06975107842269448,0.0626247265408095,0.05601570568585774,0.046320613842817236,0.04020568091285429
Weighted-mean FA in tract superior longitudinal fasciculus (left),0.1933289443797238,0.1494451982430343,0.1953237317089625,0.15916826165001913,0.18684809405346137,0.15995717280749164,0.1729112586673964,0.1751491283217192,0.19640397548644953,0.15257279493950585,0.14466799533216418,0.1104462220773976,0.10912650721747479,0.09268226340039024,0.08095047826078287,0.06551801700271238,0.059016236050138594,0.049662706136649616,0.04283183070287545
Weighted-mean MO in tract cingulate gyrus part of cingulum (left),0.18991623584039122,0.17479822563116787,0.20157293195162737,0.2252800447824181,0.18348874483285382,0.20433942017851858,0.20479606993854033,0.2109238020462433,0.19203825949738287,0.17230949278216903,0.14586016383241285,0.11308841417364024,0.09270983941064943,0.07551207518842525,0.06720237392695202,0.0471758428306038,0.05133027698097517,0.042483965016188195,0.03401614825485597
Weighted-mean FA in tract inferior fronto-occipital fasciculus (right),0.1874093542541879,0.17415238665788463,0.22212435007150788,0.17760368510588323,0.1970501448779768,0.1818489671154402,0.2072047124481333,0.2111268344731409,0.21817675565040312,0.16294631680760385,0.16079580589933343,0.10419234633373266,0.09997811089155985,0.08607715198039423,0.08008307020687273,0.06415579362683527,0.05747861752457622,0.053756266106292104,0.044533918721431844
Weighted-mean FA in tract inferior longitudinal fasciculus (right),0.19261402665850247,0.16369108178977795,0.21287647140631966,0.18589699890755051,0.19197113251131234,0.16905046698696533,0.18499989493629013,0.1832167989532568,0.19249218729501763,0.15686500722303973,0.15566734658446568,0.10702345924444065,0.10084992951576931,0.08115337400457404,0.07709361798250898,0.06600563739833404,0.05851048713489245,0.05427221069599382,0.044360350596584754
Weighted-mean ICVF in tract posterior thalamic radiation (right),0.16914361550178814,0.16878807859927616,0.20357018376814487,0.19857159658126128,0.18820572035316088,0.21220317078727105,0.2401674895423694,0.23239356453173451,0.20637029933055343,0.18467057728195185,0.16865884620457003,0.10025354003630269,0.10044483655459764,0.08356452408666826,0.0718245356952752,0.06332647198125217,0.055561710514525374,0.0460425118933594,0.039755984780781406
Weighted-mean FA in tract inferior fronto-occipital fasciculus (left),0.1866799054898506,0.15786131947077975,0.2206907417336279,0.17213872369592617,0.19543671774867383,0.1754001600967601,0.19421599217950627,0.21682354180536395,0.22774323080851508,0.1675088625682425,0.16202202543504793,0.10501152413553116,0.09891058797697923,0.0869380666080911,0.07869707054737242,0.05977047387445854,0.05782330503418017,0.05248561766598794,0.04183589682073582
Weighted-mean ICVF in tract inferior longitudinal fasciculus (right),0.17411421130885366,0.16958015177671112,0.1954516073469033,0.20789736525443142,0.1830528346681802,0.19434276573687986,0.21913874238246667,0.19446119979402493,0.18829504473593967,0.1615772691441248,0.1622263083393933,0.11441641211644564,0.1024540173406453,0.08644095163687633,0.07439953802953246,0.06590003360917598,0.060045338135674954,0.04865973678400277,0.04181718297854557
Weighted-mean FA in tract inferior longitudinal fasciculus (left),0.19371317611957498,0.1684868369002295,0.21869815484313793,0.1741654193533296,0.18941998154200243,0.1644180703762419,0.18249856858602218,0.18905172537140544,0.19900305104620267,0.1592335874201306,0.15577455544452268,0.1020703110539203,0.09766965044993975,0.08014189663834119,0.07766082236647018,0.06290729424247021,0.05901525398762411,0.053140624632820585,0.04234995831852143
Weighted-mean OD in tract anterior thalamic radiation (right),0.18609927912548913,0.1566817860079761,0.19443464486294915,0.20479137951105228,0.19812087971585632,0.21956763176923697,0.2172118162932709,0.21228577515561986,0.1948989843363426,0.17088078195848536,0.182138236047681,0.11685340587088518,0.08952373066494443,0.08399639066783007,0.06509029680182557,0.053591988103817274,0.0490722548292801,0.03961286952550118,0.03486004696303691
Weighted-mean ICVF in tract inferior longitudinal fasciculus (left),0.17038591688231847,0.1635511844129929,0.20560414437537086,0.1965547505489227,0.19490101015188077,0.20178237597118154,0.22444760160143182,0.19339493248917686,0.18878341003105234,0.16121765231904392,0.1616388236106355,0.11457542285832562,0.09979319147320348,0.08539531089003509,0.07236854824531287,0.06314007431865098,0.05917485841425453,0.04947443400833307,0.04073582331966231
Weighted-mean FA in tract posterior thalamic radiation (right),0.18567836213496042,0.1674948112852663,0.20043665643629216,0.17041435209989483,0.18099359331035483,0.1999166974129092,0.20334742897094465,0.21040480520520535,0.20884994011253658,0.16585475474058325,0.15603066651830094,0.08940361248473781,0.09615577323712021,0.08032208405030829,0.07316539245128506,0.05872662103555639,0.052294389954950546,0.04909163347162591,0.03842716276240265
Weighted-mean ICVF in tract posterior thalamic radiation (left),0.1931327019994289,0.15365370680340798,0.1979479662372366,0.19796411464973165,0.19047819844036434,0.2186087376462248,0.2303836399140585,0.23076852584972146,0.20843595302746776,0.18459293306497082,0.17032453230526334,0.09588533160391949,0.09665388091979293,0.08217986457384237,0.07002453005726865,0.06173800887645752,0.05598355035121294,0.04502681668332044,0.038367565598919885
Weighted-mean ICVF in tract cingulate gyrus part of cingulum (right),0.1800003450873542,0.16885652012735386,0.20334993381538602,0.17598697569089916,0.19679339835768678,0.199200677562087,0.22576607973936652,0.20850991311602313,0.20983110692261808,0.1839878889235853,0.15953388420735626,0.0880113827136288,0.09132697977086666,0.09133340366930626,0.07497090783849328,0.06367950317310309,0.05697053931796709,0.05022345626809268,0.04097323876996916
Weighted-mean FA in tract forceps minor,0.1803434342951689,0.168446354129585,0.19890755377042207,0.17299380947946127,0.1748259569818888,0.16470748512173594,0.19439420741340713,0.20483432768720286,0.20718499645471591,0.16350093198315754,0.14985346609095612,0.09761083687191086,0.09613053846123441,0.08180390319422397,0.07310442078317908,0.05896459872706032,0.05453446256357526,0.0466917563763179,0.041135416261660736
Weighted-mean ICVF in tract cingulate gyrus part of cingulum (left),0.1837903366834482,0.17105559094016715,0.20616092768324862,0.2014753261527895,0.19766557783294295,0.20420068422062826,0.22753557504119146,0.21263286317310665,0.21978077661409018,0.1845445965782479,0.16532570012011058,0.09508097225595084,0.0983414502903882,0.09328783291362816,0.07568180662283751,0.061615092480767485,0.06108798166640901,0.05226993572126892,0.04263685182474979
Weighted-mean ICVF in tract uncinate fasciculus (right),0.17605618862867828,0.1511125649264722,0.20547390029491283,0.20117409984765713,0.19190051589908658,0.180129803479609,0.22857945953129577,0.2175968252507059,0.2055020659917095,0.17458821878976213,0.1637054990219315,0.09751016974455355,0.09331166933643371,0.08658868981051993,0.07592380925676555,0.062249555776736715,0.055284039936713,0.044860887802264125,0.038485108467518535
Weighted-mean ICVF in tract forceps minor,0.16870290556960524,0.17285157061201228,0.2090619340155598,0.19384124338917041,0.18585808930051226,0.18682754625835102,0.2278021413634482,0.21964725761356446,0.20846288095509738,0.18305948480626508,0.1632927177267964,0.09665089778007802,0.10033399316485954,0.08694325953540924,0.07334837132675065,0.06300523938175333,0.055431122973506025,0.04576381608436041,0.03980792037000272
Weighted-mean ICVF in tract inferior fronto-occipital fasciculus (right),0.17416664016572492,0.16396424035402343,0.20551285440789943,0.20430538875359724,0.18984794601451213,0.20204594882420793,0.2406297723208003,0.23414757445469292,0.2151721803377551,0.18747943254606078,0.17088068704982634,0.0946699296494551,0.10162816212122464,0.0872372566923051,0.07477313053335927,0.06458627387785722,0.05606595323757903,0.04662948594155595,0.0408255499305314
Weighted-mean ICVF in tract inferior fronto-occipital fasciculus (left),0.17407283147088717,0.16595930891092062,0.2188826994409929,0.19448969740322838,0.18993010759189075,0.20689315742205158,0.24071190154369151,0.233832280442035,0.21429458131208334,0.18796000924376063,0.1688693998636988,0.09584171226600419,0.09964499267314968,0.08742487790001943,0.07341664644517834,0.06353205111129444,0.056107878978478305,0.04773601372275773,0.04043818444714967
Weighted-mean ICVF in tract uncinate fasciculus (left),0.16882408399744037,0.15512885044631589,0.19730723968854613,0.18225950518874762,0.18699141263618838,0.17122912491340944,0.2132096639078534,0.1758542540466784,0.1786454280943332,0.15062861787173562,0.14504241673530685,0.10168075213934942,0.08928827455347282,0.07994406210922061,0.06848278883148826,0.057346837256762144,0.050758889874407194,0.042206219849590026,0.03650588891953612
Weighted-mean OD in tract superior thalamic radiation (left),0.19929106750013864,0.15410374863873047,0.2158910249404919,0.22077069167944638,0.228572280030171,0.24037804085758668,0.1910720406538872,0.1968144997224925,0.17843283058008244,0.15766146661742755,0.16014539503109962,0.150603739693417,0.09490810179381681,0.10022998707308028,0.07300163527049304,0.07099293450588498,0.05097881579001187,0.04347238956323994,0.03589948907326288
Weighted-mean OD in tract superior thalamic radiation (right),0.17295944718625464,0.1546819512575287,0.21237522839175738,0.2115286809628085,0.22894593092549528,0.2543562050655464,0.2075269733161186,0.2328002883611592,0.2031462506586961,0.19023113760347163,0.17548310381784177,0.12981507031798944,0.09324786156158575,0.09167270261283222,0.06588235741018475,0.06445813107743997,0.050972618310293275,0.04366760132606158,0.03708233655458654
Weighted-mean FA in tract posterior thalamic radiation (left),0.19400575204841983,0.1691569534936719,0.19352180210537467,0.18707829056221292,0.17607992701574618,0.20942923578451866,0.18847997419406468,0.2278122636097457,0.21596660486768468,0.1739420572078111,0.1662393966317285,0.08870469616748934,0.09705484731169395,0.07934217578110293,0.06713113441169735,0.05400420362957026,0.0524850701973258,0.04786205147200702,0.036545995704377734
Weighted-mean ICVF in tract superior longitudinal fasciculus (right),0.16683857261326399,0.148917335780559,0.19677163753090762,0.18903018552123418,0.189513102427967,0.18415409432698363,0.21036977851033847,0.195422263652313,0.20021034956374983,0.16647506964092,0.16526756344695348,0.11352633999777292,0.09690331706337729,0.08369623976858245,0.0702873572950676,0.05918605222955883,0.0542451005871256,0.04665188307683005,0.040891004181055284
Weighted-mean ICVF in tract superior longitudinal fasciculus (left),0.1642279697952591,0.16081080592798036,0.1924479208794852,0.18969546295709144,0.18799349949297045,0.18331547789493347,0.2133626632152322,0.19311749287506608,0.200262161875527,0.16530744218942822,0.1647889578711336,0.11368200035876377,0.09764701168374855,0.08272335159665187,0.06876675198877884,0.06028847303860837,0.054771587517057976,0.04724778564777836,0.04069119288174672
Weighted-mean ICVF in tract superior thalamic radiation (left),0.17786984268176526,0.15524720710991077,0.19034805183175765,0.18131568618144345,0.18868658368202265,0.19109919079754817,0.2137040662684198,0.1973896968831536,0.19355234986785583,0.1721432254875769,0.16221632287250068,0.115558784757355,0.08901544960775573,0.08263336544887034,0.06851954807722677,0.06003890519258733,0.053156034086032096,0.04738865003727091,0.041870479948002096
Weighted-mean ICVF in tract superior thalamic radiation (right),0.17672313367040463,0.16575916697070506,0.20396154949435377,0.18879314011855763,0.18868443023960557,0.20445172163481756,0.2339075325287884,0.23378747879501618,0.22420049674618406,0.19181869623614625,0.17338866666288372,0.09428455139703308,0.08968398837493158,0.08040883510649065,0.0676026749577323,0.05711145823149095,0.05128334987263668,0.046280817304817284,0.042991476156217144
Weighted-mean ICVF in tract anterior thalamic radiation (left),0.17563727811677873,0.15473352294672435,0.18952991191989507,0.18973095830057307,0.18188031418660022,0.19633361305901326,0.2373687076055172,0.228345170749937,0.22402108371746074,0.20259530291928915,0.17349566995951476,0.08860374486978687,0.09046518850922661,0.08100743681665817,0.0628372274784326,0.05581361755055816,0.04885503732799532,0.04194061924865894,0.037770001825809425
Weighted-mean ICVF in tract anterior thalamic radiation (right),0.17889613101037444,0.15072659791769982,0.19024399909752385,0.1888170742539766,0.191493630387214,0.1941978090890386,0.2308414464019844,0.22974979975384952,0.22205351804032997,0.20459220879547563,0.17406721668281463,0.0858964028975446,0.0868361962065824,0.0803177325131022,0.06441956384014631,0.056514794206948604,0.04770714558428465,0.040996261826026524,0.0367988695148108
