label,50,61,75,93,114,140,173,213,262,322,396,487,599,737,907,1116,1372,1688,2077,2555,3142
Weighted-mean MD in tract anterior thalamic radiation (left),0.1341159970126072,0.12897674015708016,0.1452900178173346,0.15659790955232336,0.16591095731336525,0.16137796690633896,0.17720729219564876,0.1775179610195093,0.165494632816786,0.17702013263089778,0.16961068636212198,0.15718722292708054,0.13027956938248747,0.10578151441646577,0.08688451589922905,0.06387231703137648,0.060698248827479415,0.04925431933495969,0.04160253552379958,0.0371192483285137,0.03101026943174612
Weighted-mean MD in tract anterior thalamic radiation (right),0.11282095261991335,0.10634359864721891,0.12835189887737627,0.1456997053615463,0.14597817572311406,0.15178807748913406,0.16840818586599918,0.17192137878167174,0.16592525718689516,0.17076909231805354,0.1662956788466476,0.1503233074524081,0.13103193664415475,0.1074779420887658,0.08559035376331854,0.0653343708953078,0.06204527189272574,0.051191420293367186,0.0422935362578506,0.03750187369070989,0.03170761707994244
Weighted-mean MD in tract superior thalamic radiation (left),0.14818489901491316,0.13693883270939447,0.1838288068021944,0.1556578915806396,0.18688254336756183,0.15507736633313277,0.19974751293191947,0.20970780917106174,0.16161732612940125,0.18488012976557686,0.18546119718352005,0.15053580366226538,0.1402761715165885,0.1244614631921969,0.08338943839552083,0.08401999706994528,0.07011538572017391,0.0566952585906623,0.05032566762551973,0.04175661002883187,0.03623317888867576
Weighted-mean MD in tract superior thalamic radiation (right),0.15567631456332204,0.14786590051372775,0.17623806439915227,0.16585955500285623,0.17731171155221856,0.15078292581508146,0.19244591564648067,0.202762972211303,0.15062308087010054,0.17860296916898868,0.18106838504435782,0.1466584482843567,0.14118321458542735,0.12673237595321593,0.09053345478573674,0.08680007408736545,0.07465364751667757,0.059241772857453544,0.05094910764103659,0.043763707979125085,0.03762424154181015
Weighted-mean MD in tract superior longitudinal fasciculus (left),0.1363382061683438,0.13533950722244517,0.1929380990519007,0.18141170056329622,0.18060520762450427,0.16476451674735443,0.1869297879176424,0.19484931080609508,0.16576878296345232,0.18175138989725226,0.16764765610730983,0.1500053661242246,0.1476471553087164,0.12321431467297445,0.08727779642853474,0.08957382915883517,0.07609056017629962,0.059443060852436884,0.05182029510175024,0.04618263886766529,0.03886301808406523
Weighted-mean MD in tract superior longitudinal fasciculus (right),0.15060595341136188,0.14205185554355856,0.1809293636174675,0.16310141712255244,0.18717291120850668,0.15766087880618154,0.19180661364816898,0.18729913243548058,0.16041101564682572,0.1798597462810042,0.1644165099402994,0.14668383923205763,0.14555115229041832,0.12246251799640509,0.08614810037247998,0.08814822989401916,0.07658764163884463,0.06071245326464663,0.052569702300792935,0.04744451407698785,0.039143545538505985
Weighted-mean MD in tract posterior thalamic radiation (left),0.14662904735702148,0.14407918043489043,0.20577727151203143,0.19315180177890073,0.1974433925558661,0.20415316703177977,0.21603295314842047,0.21342594003751642,0.19525061657110937,0.20663939768482353,0.2096797067015547,0.16749404435785753,0.16097937309098898,0.11025361857035094,0.08930528123327124,0.08618848374331847,0.06925953587774561,0.055265979755155806,0.05322538379690301,0.04410834016398345,0.03698886008563942
Weighted-mean MD in tract posterior thalamic radiation (right),0.1519461298005295,0.14688077835574737,0.21871927091373336,0.1946165999102618,0.1775833268263411,0.20288412066488476,0.21016848769826765,0.21429559028746256,0.19438685007150938,0.20986534054391742,0.20143546384517874,0.16735583991776581,0.16231076983304477,0.11128909612250278,0.08916602365397021,0.08395926976205989,0.06931522101187794,0.059494002567405294,0.05411730409524738,0.04746484236731823,0.037870015108514815
Weighted-mean MD in tract inferior fronto-occipital fasciculus (left),0.16562206552450195,0.13320396545451682,0.20029363107190098,0.19337332786444422,0.19156232336232057,0.1680396887323501,0.1903791029518582,0.19116949461133406,0.17295660029588247,0.1839783286397013,0.15719936887113886,0.15140380521604563,0.14907789175323055,0.11262552924892931,0.08743849191564176,0.08523631624691577,0.07328563175765139,0.062196091870876616,0.05107574909458212,0.046306439148005425,0.03832026478045176
Weighted-mean MD in tract inferior fronto-occipital fasciculus (right),0.14626924354429724,0.1469890755798602,0.18531332346262697,0.1757873897243234,0.1712080949148361,0.17270411617196896,0.1804538760240334,0.1856597634240933,0.16802156276551938,0.192257949586504,0.15729681671428664,0.15503674026812697,0.14737670963333466,0.1140490733579473,0.08625582805943285,0.08289629300079177,0.07428762516173826,0.06233574190835888,0.05189579544828448,0.0473576725981511,0.03828480509979289
Weighted-mean MD in tract inferior longitudinal fasciculus (right),0.1645168781687624,0.14816746495967928,0.20486050585993573,0.190226234269921,0.18484947368437318,0.18961978851681108,0.18995949051714614,0.20240886485759368,0.1765237729375151,0.18929884018667267,0.1644180990903423,0.16012606216833458,0.159618276527517,0.11970379371690741,0.08676395105709678,0.08981147808035732,0.07783581154156276,0.06613325667625315,0.0525159327609439,0.04916582165561674,0.039129136196605886
Weighted-mean MD in tract inferior longitudinal fasciculus (left),0.1651173291962712,0.13442136651085496,0.20204299634952788,0.19775946939439668,0.1921642083488499,0.17620228491497741,0.19200756639843222,0.20264413432151493,0.17302747575245583,0.18271576532736145,0.16402017671753993,0.15963577853126049,0.15932971525775547,0.11996453297940357,0.0863600453059138,0.09227661540128314,0.07997904537960632,0.06751026655919215,0.0556549394599401,0.049249225803143455,0.04074473116070137
Weighted-mean MD in tract forceps minor,0.15208134063881598,0.144109667743137,0.1708147005343345,0.15152140590679977,0.17373183077831703,0.15645857968985113,0.18362464247676094,0.1633799701753775,0.14368432934878955,0.1608958524219567,0.14661107193859468,0.14022100309186222,0.12189963680632956,0.1151425985588604,0.08805491233709899,0.08102827709039628,0.0716404003907371,0.058648162048114266,0.04722715936107021,0.042040569512641304,0.03678116565597331
Weighted-mean MD in tract uncinate fasciculus (right),0.16873948130013433,0.14240949852773915,0.17214470933726198,0.17673892483980724,0.1882682278878556,0.17067044038358836,0.17895018124283338,0.1759886237058422,0.14302024613400502,0.1672538823565742,0.1422517633652203,0.15025308043692603,0.12024510800418022,0.1114363485822908,0.09464545253263362,0.07806387226690481,0.07252698716344812,0.06645246811872013,0.04520540820685371,0.04807658067643382,0.03957483125862704
Weighted-mean MD in tract uncinate fasciculus (left),0.17393734988094403,0.14686854003614636,0.1786350309562304,0.17418950011382156,0.1852714624900668,0.18493466165797598,0.1915359875803529,0.19250698009399203,0.15355418554871256,0.16591926605879811,0.1396880789147655,0.15768419973540362,0.12072254182364735,0.11257126129087533,0.09858360572083903,0.0800992424963262,0.0761413964626545,0.06657127677702959,0.04565130446541207,0.04661915426572698,0.03879598548470878
Weighted-mean MO in tract superior thalamic radiation (right),0.16369761558002227,0.14577980376059588,0.1731859898904132,0.20178919173573495,0.1926350983258401,0.19852155700389829,0.2082126512668215,0.18124498232819528,0.1988048810826714,0.1878851484503081,0.1809673459311189,0.16024684480632698,0.14268540513970365,0.09769621539185086,0.10409800228232019,0.07442226201498989,0.0665883929495033,0.06049855327527541,0.05109199101158608,0.0406247130470356,0.03650942247342148
Weighted-mean MO in tract superior thalamic radiation (left),0.17388286181111412,0.14872304453367913,0.18835769683008566,0.2101759235860283,0.1996535931835999,0.2111683692183216,0.20231722169432007,0.18452754853176684,0.20419363110796518,0.1890029219754016,0.18757597004330295,0.16373684950802403,0.13952681221081897,0.10465236622977386,0.10600514320791733,0.07042322447106467,0.07178103783202364,0.06197570261440502,0.0512591686372792,0.042239402686119545,0.03610953844778853
Weighted-mean ISOVF in tract anterior thalamic radiation (left),0.14940378745708177,0.14426221699633884,0.19203549923496274,0.20471761798049545,0.2139278225216682,0.17999941528833968,0.188974633148992,0.19518303193227873,0.19568845843408156,0.17117035243112996,0.16633028151525914,0.15117189800131353,0.1373053697435869,0.13003356732338675,0.09262156655312744,0.07226248043366745,0.07136672402985247,0.05389670389392999,0.05914517679332982,0.04466837187656981,0.041201159425867676
Weighted-mean ISOVF in tract posterior thalamic radiation (left),0.14338882607655992,0.14136219784777151,0.194824859346937,0.2020485246111897,0.21068908014209906,0.21871295573004174,0.22380984023292597,0.23046012784448155,0.1863695679967382,0.1955052829907004,0.18876768678904943,0.16651379568948022,0.14257677858139362,0.11935203977267661,0.09372884837148797,0.07102836984464168,0.0629978069403033,0.05596654526672497,0.04967428503898175,0.047437765202594934,0.03961909658665853
Weighted-mean MD in tract parahippocampal part of cingulum (right),0.1714832121533658,0.15287055688335874,0.21993989955108414,0.19652338522016385,0.19387396701160525,0.20063510748537716,0.2026805029403977,0.19253495422182207,0.19596244173929014,0.1759970088385318,0.18010748951335126,0.17908023095602332,0.14180986774791368,0.09715111924566744,0.09799261711737109,0.08033752121166375,0.06614799282595114,0.06715918256898537,0.0540029275632293,0.04532344712721636,0.04038657329076305
Weighted-mean ISOVF in tract parahippocampal part of cingulum (right),0.18899275556526254,0.14785950223361366,0.20300616735192537,0.19467724177464638,0.19908920843333866,0.19670965141760052,0.20001869212207268,0.18240120925251466,0.20304127529306462,0.16250579286020672,0.1771942766678409,0.16724211645031836,0.14195976441831373,0.09937768192819096,0.09781427011194993,0.07241269308303434,0.06729292208916623,0.05642095601561164,0.051689527835879025,0.044819792208810466,0.03976871505213941
Weighted-mean MD in tract parahippocampal part of cingulum (left),0.16361448557007474,0.1465172243526352,0.2023843521988204,0.18686117238279895,0.2024224348207567,0.2118940119251084,0.19553845002703427,0.1872776734144255,0.2085511177970167,0.16962822298553012,0.17200545538520762,0.17137472888539412,0.14490651035643626,0.09737604830332298,0.092741536168685,0.07969771648166242,0.06649544913253873,0.06542151180743985,0.053901864196524915,0.04305698247636709,0.04091247039878132
Weighted-mean ISOVF in tract superior thalamic radiation (right),0.19236301960026123,0.16472499441143518,0.16038169658418697,0.19187881860416697,0.2009616460048748,0.16798450276085292,0.20353578762872804,0.2118675483895071,0.148423166826957,0.18041704969161998,0.1678637101012408,0.15954636389457277,0.13827223298519922,0.14132731678180843,0.09832045632012178,0.084016931830705,0.0786780003408151,0.06670941013861553,0.05918125627705931,0.05161931007764838,0.047158181137749104
Weighted-mean ISOVF in tract anterior thalamic radiation (right),0.16406281827737915,0.15200670850686143,0.173240851067925,0.20713354755666136,0.20745090232578794,0.18302159896480386,0.1916282553591625,0.187782657707195,0.1917369490415201,0.16259979578732403,0.159075677364873,0.1483888542709049,0.1349528112754197,0.1304343596616175,0.08975711603686717,0.06987768225399164,0.0700432649445351,0.055183910091190023,0.05941933331955942,0.045584514314935355,0.04205476968085052
Weighted-mean ISOVF in tract superior thalamic radiation (left),0.18461212111855504,0.1565491222845228,0.15176804800462257,0.18206358737050282,0.20693726628947134,0.16746235925294264,0.1965649430431041,0.2197286734035823,0.15719193461712097,0.1779494225851089,0.17100224002549097,0.15739422993292546,0.13814500834065374,0.13989027450366262,0.09319752457073482,0.0820464705892153,0.07497148752676766,0.06625213571297686,0.05632631184226463,0.049598831274502875,0.04452440451873628
Weighted-mean ISOVF in tract parahippocampal part of cingulum (left),0.16611716815161792,0.14554001003765873,0.2014771193987263,0.19604519635015483,0.20786043484594394,0.203824942886524,0.19822129959161686,0.18330947981773252,0.20599003933080967,0.1644097489517952,0.17018640779610325,0.15568987922842767,0.14597366933395528,0.10011412248933703,0.09442568982731726,0.0701417653734294,0.06356398691673222,0.05490844167166155,0.04893372288807242,0.040658010517027623,0.03636932087202613
Weighted-mean ISOVF in tract posterior thalamic radiation (right),0.17285674063242829,0.16423061113302143,0.1841702474259481,0.2061182558068204,0.19985719183290535,0.20998105600468345,0.21699904398515305,0.22532036735916033,0.1777424731133837,0.19247796736018447,0.17214413955934574,0.1626336913356754,0.14010517217364077,0.12257429163201783,0.09323981357693585,0.06577190121315467,0.06360553035664981,0.06030756362439062,0.05084441143357055,0.04900947617928258,0.04027983140216347
Weighted-mean MD in tract cingulate gyrus part of cingulum (right),0.1718557173168173,0.1490212714283824,0.17715570589792534,0.15364694524491013,0.1941273686008414,0.15380905651053897,0.17468014633529097,0.15983930710870328,0.1355691362851159,0.14539612198299656,0.147850483674232,0.14116989470411181,0.12353094715019514,0.11989773816719886,0.09642472698937497,0.08677394442235052,0.08466320257074525,0.06784006368080488,0.0563834445928685,0.05088306133888627,0.044941512239597095
Weighted-mean MD in tract cingulate gyrus part of cingulum (left),0.1743982802896035,0.15756489490894646,0.17453331705650632,0.15922935952154862,0.20229639584043374,0.16426884736201655,0.16954182289387332,0.16593631403776507,0.13100440613092917,0.13557051205747342,0.14960879661185245,0.14090989387178182,0.11796517128339962,0.11455504149446533,0.09805577547261556,0.08414908586982081,0.08298742163091602,0.06652829632850493,0.05613972659014669,0.0511617018596822,0.04449782942845078
Weighted-mean ISOVF in tract superior longitudinal fasciculus (right),0.20397207371154896,0.16207942197303737,0.16339187416356954,0.18939042037449041,0.21439477887742725,0.16099651552377844,0.22020764466006632,0.21149376833268582,0.17107981792368054,0.18348655343888612,0.15656064530250444,0.15244989049011592,0.13131522227123077,0.1382396144199489,0.09684805165057159,0.08112170291792725,0.07141109200941541,0.06493556092448864,0.06028955763392022,0.05546503345024162,0.04660510521235515
Weighted-mean ISOVF in tract superior longitudinal fasciculus (left),0.17970580420569712,0.158933046867206,0.16192415254077977,0.2010487751419817,0.21724244031994366,0.16334115380788536,0.21135245691547927,0.2083302422679722,0.17001930844592233,0.1797377640679707,0.14824268444204503,0.1550065053020022,0.13115744882664757,0.13726041789035076,0.09566016071261295,0.07704693157523429,0.06736209609842836,0.06122957493882777,0.056628303779086606,0.05386666440949579,0.04375239722922696
Weighted-mean MD in tract middle cerebellar peduncle,0.17441581369127165,0.15857328883742164,0.1825558251558519,0.1849551448292615,0.19663851426297219,0.1988931022245927,0.2088696499358126,0.1851269570962143,0.18660279739696684,0.1799575780527418,0.18583323680017927,0.13404306505277222,0.12276192287996503,0.11619553989331495,0.10690500370316398,0.09236646910957189,0.08351379985207603,0.06687498618714331,0.0638312935374139,0.05638654580069843,0.04348899096346247
Weighted-mean ISOVF in tract middle cerebellar peduncle,0.1729608805913263,0.17620355812275812,0.18459779383966402,0.20459892460634255,0.2027064776360606,0.21044371301568918,0.20220436317414817,0.18629189604767504,0.1867257331126475,0.17436480767055737,0.1895319159247035,0.12524038361307485,0.12445364598183876,0.11337540273670091,0.10440972439889339,0.08571101003614699,0.07431272748031652,0.06337279781268211,0.05833390890578269,0.05375271494637987,0.03931681631638656
Weighted-mean ISOVF in tract inferior longitudinal fasciculus (left),0.18526750745835394,0.15241740128790748,0.19807633508798467,0.21739128859953025,0.23661467127254096,0.19025464578959853,0.21771567105861403,0.21397447330070907,0.18915940043501958,0.18309594513496677,0.14460187281957568,0.17016397808945766,0.1412655620375858,0.12953107235327513,0.09128384786160418,0.07861131609215076,0.07283336775320914,0.06288477279616973,0.05506243352316531,0.05232124029307443,0.04136417192805518
Weighted-mean MD in tract corticospinal tract (right),0.1429859390941263,0.16462025002613562,0.18100743428197294,0.18582090697450596,0.19454251733480782,0.19226880970627416,0.19136462080044386,0.1905303414152518,0.17341810866168392,0.17207786609070816,0.16203707022097522,0.14056436222560212,0.1272329200556973,0.12205528198855126,0.0986396742606814,0.09488256740520346,0.08053299610293542,0.06601615312791133,0.06019606091045028,0.05558008935181093,0.044222973867894845
Weighted-mean ISOVF in tract inferior longitudinal fasciculus (right),0.18458267300937323,0.15256119347668148,0.2025950523270438,0.21201030244288338,0.22565955444220695,0.1784849699427693,0.22504327399504898,0.2132882546281698,0.18396900868203797,0.18854691952324396,0.1448884792376609,0.16922823957144986,0.13514770867029852,0.12760375161879128,0.09248873586798553,0.07816730452669524,0.06865192293493687,0.061569985112465,0.05714367256687159,0.05162905534859154,0.04223657492509742
Weighted-mean ISOVF in tract inferior fronto-occipital fasciculus (left),0.17080599761776508,0.14788688371345626,0.1872433452061248,0.22037479864576426,0.23619244104185597,0.16917857197558986,0.21120026256860672,0.20267626679981196,0.1951466641212297,0.18165339112565232,0.13852641342942718,0.1614098500599661,0.1312975898703951,0.1303371745478846,0.08976564658838385,0.07525740180006685,0.06695038272359738,0.06099191254122659,0.05537597970141008,0.04982411069553351,0.041193163235419265
Weighted-mean MD in tract corticospinal tract (left),0.16246920303320367,0.1383169468258969,0.18388183062916932,0.1898752167640803,0.20151268228604502,0.1725515848369279,0.19408875733552974,0.1810569922233098,0.16196057856606613,0.17623918552004436,0.16911352027627033,0.14666772273954182,0.12498587294633724,0.12221683363846791,0.09814466387166998,0.09712662592027177,0.07953420825346502,0.06642692135310412,0.05946591895042474,0.054647838883743645,0.04444928456178193
Weighted-mean ISOVF in tract uncinate fasciculus (left),0.18675523191639268,0.14552270209668644,0.18212057567637793,0.21138429166815703,0.19700752456293438,0.16472881781232962,0.18792686011751217,0.1647333648686353,0.17419055858597085,0.15605933499903926,0.13203347822642536,0.12924875689332788,0.11965172097320172,0.10928219502210312,0.09105529213681637,0.07738495769727421,0.07270510888739101,0.06036599285148463,0.05238367679572925,0.04626061702790583,0.03702888327195196
Weighted-mean ISOVF in tract inferior fronto-occipital fasciculus (right),0.18770881425728822,0.1528696565809892,0.18790016443654572,0.2144169182883033,0.2219075030000883,0.16752410219641076,0.21688926222850774,0.20086918679327356,0.19343082945061604,0.17909917108464596,0.14346338667648204,0.16279803035287405,0.12971111081979514,0.12847058514772625,0.09276703846030068,0.07654639993116329,0.07108344051355552,0.06423038155633586,0.05991876827534504,0.05246055005910436,0.04349405943605957
Weighted-mean ISOVF in tract uncinate fasciculus (right),0.17536769005874756,0.13748269843942906,0.16741065697237273,0.20079459889786486,0.19260056214782856,0.1572086858445095,0.1976840687100924,0.16710140037178006,0.1716859451033772,0.16100291821926574,0.1385754340409906,0.12961567407518826,0.11685779651379578,0.11403701782992477,0.08454251527294213,0.07308337931040196,0.06412741419990027,0.057462510104363734,0.054608378851720984,0.04777284225889137,0.040515852629534395
Weighted-mean MD in tract medial lemniscus (left),0.16128648810037158,0.1817315621329211,0.20655533837226506,0.1997046227152521,0.2197462246823495,0.21739721166350567,0.21748726983654149,0.19329364227807566,0.19719295790573813,0.19482789427144345,0.18006105700464578,0.16132370955438324,0.1534624785824344,0.12393960983873144,0.10650666159259417,0.09394806929821672,0.08207079023489014,0.06462874737146473,0.07531907995627153,0.053616855607250796,0.04481373079279586
Weighted-mean OD in tract cingulate gyrus part of cingulum (right),0.17424471504483238,0.16157586669107674,0.1849185358401433,0.2137880464536793,0.18520815268496457,0.17654230263066692,0.1966320759174803,0.17847666943648377,0.16377230314982408,0.1725943022909526,0.17950551277533972,0.1349881909769786,0.1288695007758178,0.11306568297753614,0.0966653334623664,0.08220794710086189,0.07587278930801664,0.06792277168713128,0.05116208980415358,0.04649864086684504,0.038784625043196144
Weighted-mean ISOVF in tract medial lemniscus (left),0.17784929647360243,0.16663345897314347,0.20109969405022673,0.19689466866122818,0.2044238400743932,0.22003664850492666,0.2157818070100013,0.1970795535799222,0.19956749996251924,0.18391260082168542,0.17672695376243536,0.16005093878877438,0.15100331277163004,0.12121211394106711,0.1051894586434485,0.08597186920750662,0.07892526481506289,0.06226467456022011,0.0681977779199305,0.052226241180779405,0.0429454806619221
Weighted-mean OD in tract uncinate fasciculus (left),0.16986682359189942,0.14517050570308673,0.16617227665905562,0.17061306323508754,0.20255632894587663,0.19017268580772795,0.19029850735530804,0.20259318006144655,0.1806244353465939,0.17768723094474617,0.15541536686432475,0.13740918580894215,0.15352151215656326,0.1265562670823501,0.09669508195607072,0.08856211076849135,0.07567476546673678,0.05910908624536557,0.053783685078513645,0.05115459807716256,0.04250681876998896
Weighted-mean ISOVF in tract corticospinal tract (right),0.17516115231483617,0.1648651302657672,0.15489433306664474,0.21216712910114005,0.21516279265909033,0.1934269730042998,0.1927721291108319,0.20345686087629727,0.1569124687163511,0.1663519107417722,0.1695249910297091,0.1539558807623771,0.1263067966628979,0.1257357363256649,0.10516819356456017,0.08638314272186579,0.08070318483303501,0.06725047845202009,0.06383263186093543,0.06072812859638161,0.049281901709124006
Weighted-mean MO in tract medial lemniscus (right),0.16731506104949107,0.14204009539030935,0.17814249898916812,0.16883930618709536,0.1951281836151753,0.17439263376678907,0.16559810166337768,0.16391407804409214,0.16843961856835754,0.16104149686319497,0.16653735426051852,0.14774171437893455,0.13159234012086943,0.12861539382746673,0.0982698982849061,0.08141076067681216,0.07260753183426741,0.062182377191569806,0.05293832033697708,0.046332316697550655,0.03500218246578036
Weighted-mean OD in tract parahippocampal part of cingulum (left),0.18511712069284952,0.13571682944658367,0.18164263454187268,0.23019908036894135,0.20448799102296913,0.186863936107425,0.21496116162163437,0.2053336137220637,0.1911786560241625,0.17516486380243196,0.15132756261737368,0.15693177235979971,0.13547710865282162,0.11690628332322027,0.09838742066376342,0.07522486038264108,0.0864259369336532,0.07176425289348873,0.05356766488558391,0.04895882771039675,0.04333224176748356
Weighted-mean MO in tract middle cerebellar peduncle,0.17952512913334065,0.15084404713055974,0.19763847049747388,0.19168029209270374,0.18425356267759832,0.20499699121459336,0.18798246252495032,0.17769948475665467,0.17491459176837185,0.15888943382880139,0.1737072843362478,0.1309282557151196,0.1230210384909568,0.11713849840862908,0.1075072216795949,0.08889058303545645,0.08077228532210716,0.06739353126236128,0.05769859091267714,0.05611037790662657,0.04263411456498985
Weighted-mean OD in tract cingulate gyrus part of cingulum (left),0.17946668727848553,0.14726785737877476,0.18427031724663553,0.1864483263355986,0.19729859854081566,0.19969871904587994,0.1926759018451544,0.16726466902229037,0.16469897190597943,0.16638464853316381,0.15129410025689802,0.1266195906322517,0.11215213465156716,0.11787010652179528,0.09394037659595195,0.08868966800817327,0.0786630538601239,0.0598563377932589,0.05380204922143509,0.0450685281738478,0.03717094402604273
Weighted-mean MO in tract medial lemniscus (left),0.15057937305310817,0.1619925737840334,0.18767560259283522,0.16852851971234933,0.17305279022812473,0.1754794807574377,0.17193564098701206,0.1479168991383788,0.17002304677064528,0.15610231482388126,0.17180045137056615,0.13665247449326937,0.12424645447276009,0.1255459447915605,0.10175867332971378,0.08677397761509896,0.07261199133518265,0.06197836884695157,0.055371635855102797,0.04518594780742003,0.03617828114774089
Weighted-mean ISOVF in tract corticospinal tract (left),0.17595968547906057,0.1500942118244088,0.16104138419908479,0.2063492721846579,0.22665798338827844,0.16984738388568366,0.19399404729672806,0.18998595941231833,0.15271219450830897,0.16436701461550363,0.17432378142383087,0.15673507491584118,0.12844120851736954,0.12311278694552664,0.10361402876495521,0.09140811309072225,0.08024132338138186,0.06821981912429155,0.06275856165136903,0.059857488052006316,0.04912560055486974
Weighted-mean MD in tract medial lemniscus (right),0.17473962981050703,0.1776769217718376,0.21192688843133647,0.19229113429731656,0.20530632676086866,0.2195195753872827,0.19353648450575214,0.18981429897034557,0.18952363253534438,0.18132353327457315,0.17249422043359258,0.157424139028909,0.1555850060080512,0.11513804330790905,0.09973996892278338,0.09112338285057531,0.09120650454533764,0.0671059863127686,0.07969831168020675,0.05723665945988784,0.04790756233877142
Weighted-mean ISOVF in tract medial lemniscus (right),0.18100089958232693,0.1740125742246343,0.21258449220313122,0.19843486458827703,0.19473654105456947,0.20561381456264294,0.19000456427084744,0.1869190975187864,0.18878780223393882,0.17632757903087595,0.16939409560306395,0.15826909647447707,0.14879463010618332,0.11416030060185954,0.10022960926744866,0.08228799066353189,0.08874292032407438,0.06611524355427609,0.07415672775738295,0.057098712511890665,0.0473926701012786
Weighted-mean ISOVF in tract forceps minor,0.15691378281799284,0.15278295797513447,0.18218339669340147,0.16745560154909217,0.17929973864586687,0.17362066895271144,0.18109520696008383,0.1577553252504225,0.15358399337373219,0.14684585518093185,0.13037815819623153,0.1295775492122987,0.10713924795503177,0.116507802140386,0.08028675387175721,0.06427046912166469,0.06025701363142547,0.056548366592629344,0.045611749327700485,0.03939119395176446,0.035059430286633206
Weighted-mean MO in tract parahippocampal part of cingulum (right),0.17587387422233486,0.14532906237229165,0.17922304981671403,0.18778262657791012,0.1662516309918702,0.17057541541206245,0.14641295571720656,0.15795903394357316,0.1391409481036428,0.1585415569522921,0.11649446767995007,0.12699676804724827,0.11699133508441018,0.09198117229778069,0.08371506544498672,0.0711261544134263,0.06641199276080395,0.06361343843500904,0.04848355674019721,0.042833461727898765,0.039621689640929755
Weighted-mean FA in tract medial lemniscus (right),0.1585024297181094,0.140929523896798,0.1994451652037044,0.19459125748132533,0.1866523520220629,0.20133317255369623,0.15647031467271946,0.1629765071741744,0.17272153611813054,0.14913101398445433,0.1556827310017375,0.14256994631356165,0.14442062863372826,0.11875393483627375,0.09151791884897714,0.08007619963214217,0.07272454338879279,0.060749240394828104,0.057891442217384584,0.0424067244625115,0.0360524117937449
Weighted-mean MO in tract anterior thalamic radiation (right),0.17346489087027164,0.15898590455119632,0.18448216495349826,0.1889793201854358,0.16443170801285936,0.16304551973611467,0.1649481764624292,0.14951685642781085,0.16223065652925245,0.1422285977524301,0.1289745451516875,0.11499054256196031,0.12026689439446268,0.10512110737938879,0.08849842047778297,0.08027092418974972,0.08001273093056997,0.056492573572386344,0.05202421701370834,0.03999541089522302,0.038917498783198404
Weighted-mean MO in tract corticospinal tract (left),0.17358325259641466,0.15352876898776094,0.19623933013128383,0.18605451605517848,0.18893841553876853,0.16413482676879784,0.17117803673988444,0.17008661455273305,0.16346161967934877,0.1632058757570347,0.1501879971452995,0.1400535775928904,0.13159099753634043,0.11929603510705253,0.1008787444921702,0.07445797303577537,0.07990730518020658,0.0713223605708537,0.053911543318333525,0.04879947825644319,0.04136289671334415
Weighted-mean OD in tract uncinate fasciculus (right),0.17919403040395865,0.16081279917515895,0.16759693836506032,0.16710948705206574,0.17748667254438366,0.18764115229110773,0.17875334907579044,0.19734067977702346,0.16767177907699096,0.16900571257121227,0.1559982921354532,0.12353742250304407,0.14570191906564278,0.12824053746873224,0.10192190839954438,0.08889706174446926,0.07006059138948348,0.06430731499787684,0.054471404267682114,0.05314373518234036,0.04481154536345894
Weighted-mean MO in tract superior longitudinal fasciculus (left),0.17164547355617982,0.13818368556402583,0.1793841564239691,0.17889575243357136,0.17512889703107368,0.15350636702710005,0.15625268624795322,0.13742287681874066,0.16716437349597654,0.13132702126076048,0.12128947457877819,0.10789690413564902,0.10330226146534036,0.09226528999040853,0.07959711729763633,0.07613260737038152,0.06563067909901021,0.058420953420398415,0.0528085918694197,0.035240817840082816,0.03504625509571779
Weighted-mean OD in tract parahippocampal part of cingulum (right),0.1771779032916886,0.15411152846185217,0.17737711539259068,0.2116310212401675,0.17743203121345547,0.19051392394862268,0.19348133892667563,0.20094050045977283,0.1751184318956967,0.18024146684827858,0.15532856969613956,0.15938250092812178,0.15241397827727707,0.12494112782144924,0.10500773005170735,0.08281311258814601,0.08339488533932417,0.07587183081503436,0.05834979713522366,0.05564841486538963,0.047066837510920397
Weighted-mean MO in tract superior longitudinal fasciculus (right),0.16779437596654964,0.1471635412587183,0.1902694074393676,0.16100872067229008,0.18371796145439293,0.15653583898613804,0.14962261969507615,0.13124100599958455,0.14758028196975437,0.1353512432701671,0.1168932199985077,0.09902685742889308,0.09578336664148321,0.08512573418130412,0.08042636142506697,0.06514416114846715,0.05466298365731784,0.05506937689428497,0.049124527906406514,0.03486608707564025,0.033032861978874374
Weighted-mean MO in tract acoustic radiation (right),0.16963347656116817,0.14836627212471878,0.1636553124022432,0.1514549261017562,0.16177908848192285,0.13785079030105918,0.155731761134074,0.1389305515997289,0.14202972369471617,0.12386171234720339,0.12707645454587757,0.09955741056164008,0.09653163959765143,0.09101662146294422,0.0725263558751282,0.07542554486108591,0.06493267861036071,0.05531541093884911,0.05734288915538714,0.04284532653803446,0.03588461708259538
Weighted-mean FA in tract medial lemniscus (left),0.1686080778388721,0.17689491179245478,0.1890690510080377,0.19310648206402958,0.19359093073697117,0.1881604944309895,0.15681971340327297,0.16665301375068617,0.17058243389148053,0.15392734996559412,0.15850526658925926,0.1478344383783627,0.14001743896830693,0.11625807022734437,0.10666226466363034,0.08244752433151709,0.07941160069368763,0.05866611100743242,0.05923904845867394,0.04252100475716897,0.03677950968823768
Weighted-mean MO in tract parahippocampal part of cingulum (left),0.17321299591122513,0.14297749623351527,0.1751085583980449,0.1909609559455808,0.18113300462322388,0.16004381740021711,0.18436491979787323,0.16661397818884086,0.16063752084965077,0.14414681792326092,0.12332392777341357,0.14220633593048657,0.11276719376553876,0.09877890541270892,0.08568599220097871,0.07067039984033993,0.06903279660997227,0.06115937129738003,0.04943823290130113,0.042311855849485575,0.04014260898551351
Weighted-mean ICVF in tract medial lemniscus (right),0.18806584896413997,0.1556127717786641,0.17132209815283572,0.20387064589956178,0.18064619534570933,0.18617063816373872,0.16687131211384384,0.1635728281730756,0.15930896529350877,0.15293473776595387,0.13990539743467412,0.15222854342172973,0.1296636688432839,0.12218298292666714,0.08331807840253198,0.09052503853628274,0.07784147233106609,0.07624723402961414,0.060357060396663206,0.047510064113086704,0.04506946721255058
Weighted-mean MO in tract anterior thalamic radiation (left),0.15806553415303462,0.14812789447066235,0.18151236714635943,0.16830319269681965,0.17474952928708312,0.16835748793670904,0.1537576901357038,0.141892288149358,0.17056692762932865,0.1417554822289456,0.12808108972451518,0.11947074622960116,0.12136579374063547,0.10622872767375224,0.08586803756184966,0.0813951939234624,0.08388584648170515,0.05616944271827323,0.052796075268935025,0.04114943747855195,0.03761677803522177
Weighted-mean OD in tract posterior thalamic radiation (left),0.18355021467534507,0.15287280725383334,0.1749748086449625,0.1982282720233436,0.18610464985888991,0.1983599061762345,0.20364080113905444,0.18520762358915321,0.1450020871586412,0.14177851470410469,0.16158431876398652,0.13678531856682236,0.1387850613736328,0.11297695220621325,0.10830585295702418,0.09286782521390023,0.0770632066976408,0.06386899225049233,0.05781498953961944,0.050299944625244494,0.0409317061262009
Weighted-mean MD in tract forceps major,0.16045054476741852,0.13756437814271397,0.18329376743417916,0.2039729739689182,0.21316210030521016,0.18537161815722514,0.17148946370844467,0.21176392834008684,0.17148495520327223,0.17660055105253505,0.16442519860678168,0.1535182941110696,0.13611814052428367,0.1209111114104438,0.09922279160358374,0.08435905707995962,0.08287013134298298,0.0740458561007471,0.05720149064688235,0.05601129286485807,0.04032600936321172
Weighted-mean OD in tract inferior fronto-occipital fasciculus (left),0.19605084522240204,0.17088501085856295,0.18513480120431403,0.19607471110282929,0.17515883948057376,0.19950362570167204,0.20439987553166677,0.18534423740637954,0.1723211163445247,0.1655505078734232,0.148181947348153,0.1496173685845687,0.1213435816445203,0.11255031631183954,0.09710253024108098,0.08910079044568812,0.07522737829165045,0.06982546237339905,0.0523905631136461,0.04897583972351445,0.03997245627531839
Weighted-mean OD in tract inferior longitudinal fasciculus (left),0.1872235297815792,0.17660340008939943,0.16165711325789944,0.20332351187302572,0.164474942552485,0.19870639336892,0.19415996217485668,0.19951139860593298,0.1738229225592355,0.16812734291953124,0.1497872454141375,0.14866420701534924,0.11464419755451374,0.10715596770573763,0.10605433796701219,0.09126792727081907,0.06979427105169651,0.07105160426075648,0.052669823390659565,0.04814127234070948,0.0414281049385848
Weighted-mean ICVF in tract medial lemniscus (left),0.16012919160054193,0.1430600270596724,0.1635012022233911,0.19500000057685682,0.1783164662824117,0.1772886770765872,0.16739626463725818,0.1593839654252772,0.1554011617341561,0.14795052873121786,0.12893016294033002,0.1459983192146411,0.12122254760213563,0.11599930081141147,0.0834282143220809,0.08981160668829598,0.07453788306069098,0.07216174424682423,0.060552076305846074,0.046445258686394576,0.04300717318787288
Weighted-mean MO in tract corticospinal tract (right),0.14881059778858188,0.1471303829128857,0.17513625078491216,0.16819163496035708,0.20192386944771987,0.17176505175387047,0.16978039476512466,0.17223273918163273,0.17196393477788835,0.1730377401405259,0.15346809869790998,0.13726316486685253,0.13322141957725642,0.12112956563303762,0.09776589819803956,0.07636301483625096,0.08003121391765738,0.07311291776666377,0.05305444368293908,0.05067828081440325,0.04207153754874863
Weighted-mean OD in tract inferior longitudinal fasciculus (right),0.17536345414725377,0.1499508218287349,0.16874949852056206,0.19960155050039832,0.1838107322542402,0.2039290266247681,0.19962540060466644,0.19358413099320024,0.17297066145800116,0.17139384190696047,0.15686225813691632,0.14560059489787866,0.1225925479683942,0.11582688957922471,0.10930434974753149,0.09389142588653288,0.07080984312415502,0.0739751264693543,0.05516654417094407,0.048674572823858786,0.04116852548030977
Weighted-mean MD in tract acoustic radiation (right),0.15305781227316423,0.1578302635398742,0.1849288655679196,0.19213903788645043,0.18862856015113177,0.19919661682329914,0.18326276190841062,0.19120940027440897,0.1828311708881556,0.15794060344344116,0.1507276948118489,0.12641698876053883,0.12803684204031351,0.11036637384925811,0.09723917432998062,0.09437258908619092,0.07853859483381341,0.0729282207737152,0.05952614746631206,0.04925183712076154,0.04379660594190214
Weighted-mean FA in tract acoustic radiation (right),0.16439874721974712,0.15729683531531213,0.21452378731008453,0.18947410807823012,0.18044654069081484,0.17101066260063064,0.18528996036768322,0.17006487660299574,0.17660086885398874,0.16133526772171006,0.14358668048915726,0.13245533104011512,0.12982474986630346,0.11735885480611284,0.10282808898434034,0.08857990451941188,0.08481854493246277,0.07636272319136396,0.06412062648613796,0.04921877581070535,0.042661136329966404
Weighted-mean FA in tract superior thalamic radiation (left),0.16862904859086172,0.16689181023201125,0.1972898430964847,0.21607946153473975,0.2287955416957464,0.19708432317933908,0.20790644120122112,0.17760845921636192,0.17703103364460065,0.18348438936759542,0.18573784746207642,0.1469213210305074,0.1563736055234275,0.13501423701707976,0.11821273053072434,0.0973613185701676,0.0932619740794323,0.08469532514067682,0.06597179600372662,0.05301067330472265,0.04766293480057952
Weighted-mean MO in tract acoustic radiation (left),0.16763278690071584,0.170391316514815,0.1928267504025028,0.16979353997300708,0.17156127435326876,0.15918842793183155,0.14696326732014284,0.14139976115495462,0.15271707327698605,0.14542100360016455,0.13824113918398714,0.09479793926722754,0.11390310237353948,0.09214476320535857,0.08615334528460415,0.08146353504893024,0.0627316762883767,0.060049450621074064,0.05239284873549034,0.04641866399674328,0.03759342071027062
Weighted-mean MD in tract acoustic radiation (left),0.1599499651059546,0.13995662152027372,0.17411715631487487,0.17354925934419224,0.19077911814802828,0.1885285493180019,0.1694877265291971,0.18608471704482116,0.16692939639238583,0.14797689903416256,0.1456176019764197,0.1250132401646034,0.12335677479895384,0.11694944401336857,0.0934517329320542,0.09221486323874246,0.08318734671936757,0.069325915820787,0.057245048422888634,0.05000853862873251,0.04501025389674274
Weighted-mean ICVF in tract middle cerebellar peduncle,0.17204517660075802,0.15715134469815856,0.18778545274558303,0.2102929062896008,0.1773555377942464,0.19361038107756465,0.1673815640171607,0.1671899088559027,0.15344111001660576,0.15445349675914413,0.14527608561270533,0.14189502498364645,0.12495775284294498,0.11394985756594421,0.08061770210309689,0.09201853449124733,0.07281942559488971,0.067688569538906,0.05991421295055447,0.04828003471226488,0.04374170712523617
Weighted-mean OD in tract medial lemniscus (left),0.17648790427253927,0.16184175108764282,0.1993087163543242,0.1705162866839391,0.1572267604948425,0.15216326121300877,0.15878991208627513,0.15729894684007975,0.1669768850816831,0.1580931698155975,0.17391674282494818,0.1464434386324845,0.13406888443194218,0.1263308026335896,0.09935397651908755,0.0855702611928796,0.07267924400025975,0.06171349122701915,0.0533363281438395,0.04516678607908115,0.03605270212873697
Weighted-mean FA in tract superior thalamic radiation (right),0.1742972357147835,0.1426586743891776,0.19301406391564804,0.211719237004303,0.23794559168398957,0.1981936564264701,0.21226205928716932,0.17929736427672474,0.1777761041614346,0.17680607556378897,0.17760871438248907,0.14790802353964694,0.1582858936531287,0.13638232393622024,0.1203827818693998,0.0959051127085196,0.09318603678562869,0.08448539693200426,0.06784872774188377,0.054043280518544186,0.04846613575998715
Weighted-mean FA in tract middle cerebellar peduncle,0.164615834390914,0.14901997815989765,0.18643562435808742,0.1915721220978819,0.19398905297765986,0.20999560007401047,0.17893426190093253,0.15602085211379957,0.16373630971678763,0.15301302060671243,0.16470116444773394,0.128839603693233,0.12340057101895766,0.11206187250703584,0.09890795670396897,0.08608609090981816,0.07482044806071009,0.0632340281336965,0.062270486480676054,0.0548615684849246,0.04272939843297203
Weighted-mean OD in tract medial lemniscus (right),0.17622121647821298,0.14314016163427137,0.19270474309356975,0.1796793677503628,0.17951325342456204,0.1786921198814256,0.16294452866753406,0.17866456757653046,0.1726102427404568,0.17442416608345793,0.17642305656390964,0.15521035562389016,0.14405932529246984,0.13430810576517713,0.10081886591981779,0.08249591076068864,0.07273067419732226,0.06288923088807395,0.05463008680359372,0.0458359614911622,0.03388985575292697
Weighted-mean OD in tract inferior fronto-occipital fasciculus (right),0.16504552154000168,0.1656844123793951,0.1827500719703827,0.20556987992208728,0.19024710519541704,0.205113776516272,0.20640117529914268,0.1854110310061593,0.16794364316402824,0.15831434424692548,0.13678313145677876,0.14702034334365818,0.1198876881552823,0.11263268788574841,0.09813916259511084,0.09116621866484118,0.07240261165580808,0.06710780819007445,0.05274935659701978,0.04828289887072878,0.037429319199868076
Weighted-mean FA in tract corticospinal tract (left),0.15984852492913076,0.15779605115983603,0.18733454221260634,0.21159724804035815,0.2163623760852323,0.1755274352699782,0.17961456314409524,0.16864957052622184,0.1670373263969262,0.16505652717380614,0.15696883462115532,0.1339739538604123,0.13631010814711902,0.12397898282712319,0.10459815661613227,0.08028810142037583,0.08603744824185762,0.08129614794589551,0.0546444862665418,0.05130863262318625,0.043057543159049895
Weighted-mean FA in tract corticospinal tract (right),0.15781969465848256,0.15714296373292627,0.2036960732460398,0.20661935248075988,0.23177792123158997,0.17802578757357002,0.1986215072986417,0.17201946870903662,0.17840357861125877,0.16502988888905015,0.1619679258597323,0.13487877427203954,0.14212944554858112,0.12678993518368786,0.10264499322360936,0.08357881103963352,0.09065188738470495,0.08387273818684816,0.05695332723881601,0.05247369209867441,0.042528337401054106
Weighted-mean OD in tract posterior thalamic radiation (right),0.17664435303577605,0.17541024727304394,0.16374748375808748,0.19572560633760547,0.18838962692809777,0.19396584231567077,0.21427901237025174,0.18572624776322305,0.1457376150166106,0.14561299996735125,0.16314599142398828,0.13363436832395062,0.14252142371187965,0.11505180589170039,0.10920253536491573,0.08958479708633542,0.07475108636956868,0.062303320536095955,0.054072715677884166,0.051863226358612666,0.04034945486813483
Weighted-mean ICVF in tract parahippocampal part of cingulum (right),0.18013416675437244,0.16448486890776684,0.21167602096487145,0.2068790020932486,0.1896366562116382,0.21031559314010798,0.1895688907171797,0.18566737627267826,0.17968090927744085,0.17573229561933684,0.15530414573618823,0.149834240002685,0.13344757650755482,0.12112656493261367,0.09131239829683128,0.09934193462311461,0.07220817971827766,0.07418161888287275,0.06200897537817732,0.04500040589278039,0.04481928813449437
Weighted-mean OD in tract forceps minor,0.19990047025197916,0.14099126731100084,0.16612841525483915,0.1922060114436179,0.19069539288862125,0.1772490532501784,0.17407699959589226,0.16537457053282914,0.17352336925861428,0.13957784890546146,0.14596546664265456,0.13589041977891914,0.10087531823463874,0.10179936180239552,0.09790530713687565,0.07845279965678827,0.08135560057099843,0.06046254813703654,0.0525870023574188,0.040861464926807145,0.03474302620403533
Weighted-mean OD in tract forceps major,0.15373482554646273,0.16506111324116812,0.17111558199375063,0.17124427668392778,0.19761562132490476,0.15420304667843912,0.20987415797131534,0.1810705199321732,0.15800690827688707,0.16615008950151078,0.15981924426283156,0.14077064475938683,0.1225573091473638,0.10690660213722404,0.1114677134427816,0.08152518686842916,0.0727138797882572,0.06448177196175923,0.054440815441106356,0.04588955636542081,0.03746671432945232
Weighted-mean ISOVF in tract cingulate gyrus part of cingulum (left),0.17248579201947098,0.15109652630347192,0.1828423345469836,0.19165314825039298,0.20641816640540087,0.1996197266482723,0.19354693336754755,0.18256234716936523,0.17817188513625531,0.1714772620618532,0.16461936665050073,0.15253540288613401,0.12004619137131384,0.13299876994983043,0.09766127828469447,0.07509993739171993,0.08316719062452918,0.06759383520042411,0.06592713265686329,0.054428884396865135,0.04700979796383742
Weighted-mean ISOVF in tract forceps major,0.16413175708043243,0.13946591014355664,0.18830151736739298,0.20785163791345362,0.2254725849365598,0.18149867429844213,0.17680781624457537,0.21608067556131766,0.17565230827524975,0.16402072367115456,0.1618270096444986,0.1554337778052732,0.12075289182764723,0.11824053585375617,0.10082805767901692,0.08207464985034191,0.0800675572594019,0.07177081566127518,0.056480798416612174,0.05508926331266721,0.0409206149422522
Weighted-mean OD in tract acoustic radiation (left),0.17456436015530058,0.16973469547772982,0.19115996839515542,0.19955134188177676,0.18247233770483298,0.16602538754740462,0.17178603792445513,0.15843407669753062,0.18380907175792704,0.16282837731177768,0.16790801322441526,0.11363698835822267,0.13459893439752074,0.09005809416554951,0.0978712653451415,0.08242694216743966,0.06757055943254112,0.06628597672988544,0.05481556416251529,0.048869258128549614,0.040967270429972946
Weighted-mean FA in tract acoustic radiation (left),0.1908971822002889,0.18066629169790394,0.21443607751353994,0.194954244947436,0.20989719748848118,0.17381890949731627,0.16524752220057223,0.15445513727099014,0.16482013174613294,0.16713241838000154,0.1559140811039199,0.12688824213548605,0.12982989539908146,0.10554787028207331,0.09471106865186407,0.08948332582183453,0.0811204859718122,0.06889565519637066,0.05449611996333451,0.045990192336069984,0.0399110749468173
Weighted-mean ISOVF in tract cingulate gyrus part of cingulum (right),0.17314153691843268,0.16029878729464334,0.18377857652603094,0.19335560041641645,0.2047500722327251,0.17924672092484917,0.2053844877000137,0.1804576906131948,0.1789837545031546,0.1827157713459122,0.17643152742958007,0.14772805400986452,0.12428469467874197,0.1279819995980542,0.09410539967305036,0.08056843070403034,0.08392691609127202,0.06870237099516315,0.06284679852303117,0.05145308695616923,0.046214730551708695
Weighted-mean ICVF in tract parahippocampal part of cingulum (left),0.16029505949081382,0.15530384167678832,0.20928466414573169,0.2141103470715718,0.19068807636305862,0.20907164153368796,0.17538182351816028,0.1725065921005162,0.17880363772928023,0.1602079582052428,0.14386177434727745,0.14341971019319302,0.12600812068079,0.11740922309977261,0.08735456411634052,0.09437856714871687,0.07509671717711082,0.06757426187457227,0.05976767854106953,0.043764554706381534,0.04505694358473616
Weighted-mean FA in tract forceps major,0.13941766157630156,0.1447239095879318,0.1786334317210187,0.1871343169135314,0.2031270685210978,0.18169716718404008,0.19668916411312728,0.1873652748075178,0.16266680059553287,0.18081355652017242,0.16638842366324233,0.15250928519360002,0.1330750470552726,0.1094240618641003,0.09781091334480659,0.08578600333101999,0.08113933102081253,0.07170511087002833,0.05932284143818674,0.05188799560216526,0.03872322463085943
Weighted-mean OD in tract middle cerebellar peduncle,0.17168971113669107,0.1602350071159694,0.1907044108577044,0.19208261603456186,0.2080030224724415,0.20381366111905952,0.1996665880977374,0.19878177763541546,0.1849299834599143,0.1662972085978224,0.19852857505211813,0.1430657018812099,0.1352025935627057,0.1270038159799641,0.1234056810469955,0.09994953443004732,0.08728762851457261,0.071302105091474,0.07026821643948769,0.06311625626602797,0.050000655298933355
Weighted-mean FA in tract parahippocampal part of cingulum (right),0.17507237990085484,0.15755711026983357,0.1995251000379925,0.22100297767691765,0.1984364759869409,0.20513407353411178,0.20692631105423298,0.20683745892868072,0.19595569176477298,0.19260638580456757,0.17005005755538985,0.1817470449474732,0.1573731698971709,0.12232866847225507,0.11125450141196733,0.09046779389616967,0.07994735859774905,0.08304855633387945,0.0620474916608387,0.055286545493967,0.04937130733256772
Weighted-mean MO in tract inferior longitudinal fasciculus (right),0.1695432787661336,0.14721667488120774,0.17553274494586357,0.17353944393389453,0.1891536211491562,0.1847435679701512,0.19262794251586896,0.17762865642267262,0.1760707836840354,0.16160454892399995,0.14543836360122106,0.12915788093403152,0.10761993628956676,0.09112245345345905,0.09174045948665743,0.06314657121087994,0.06560226389619883,0.06380766510438687,0.04985222943812332,0.04224637038430645,0.03440379739717244
Weighted-mean MO in tract forceps major,0.1580063084031551,0.17291184775091872,0.16381589662485432,0.18348898186999163,0.17732475909846596,0.1658575081145131,0.1888801266532892,0.19174650782857883,0.14861303171324164,0.15773165939396525,0.14964574003204187,0.13522827555513445,0.10508916792876323,0.09908333470111094,0.09212249067822002,0.06825232913930158,0.06466656072407892,0.0616277479373175,0.0508584692897399,0.0407421023020594,0.034408968802840306
Weighted-mean OD in tract superior longitudinal fasciculus (left),0.16240431116741139,0.16134038598615416,0.19373260307092116,0.18958366770254367,0.19592143571031842,0.1658966990060528,0.17451822958180205,0.16032698526241307,0.18116737599223054,0.15780125888782653,0.15965794116325288,0.13639336691778006,0.12010059149107648,0.10699726278656564,0.11272031679597731,0.09072796650987408,0.0783112812255229,0.0681640458820308,0.05936809756405076,0.044352316047333556,0.042153377248462846
Weighted-mean MO in tract inferior longitudinal fasciculus (left),0.17298367245859106,0.15935104400987046,0.17280591846674254,0.16782253354816948,0.1730001752152736,0.16912011266777977,0.2017370776094819,0.1810146426511786,0.17140050573939375,0.164155635926078,0.1563957078463085,0.1377746523364181,0.09750052653783978,0.0938067608995075,0.09799296862808408,0.0686090256394293,0.06566225613491877,0.06257446870782486,0.05115789557714129,0.045920672643077,0.03837929945427163
Weighted-mean MO in tract uncinate fasciculus (right),0.1644317199182646,0.14094071359097984,0.17634547184819488,0.17301358743612805,0.17188299572036575,0.16415968476333742,0.15965319301552697,0.18201522471933845,0.13226041438794256,0.14301412766236488,0.14512945321518805,0.10833778152471665,0.12051697841779076,0.09427740077478793,0.08321103226301686,0.06957126324197858,0.05891501107410783,0.06006922467240995,0.043680707705659336,0.04277462896085815,0.03439308127207599
Weighted-mean OD in tract superior longitudinal fasciculus (right),0.16246628320257112,0.14942818654724171,0.19461665691477614,0.186310692971596,0.1882454821434019,0.17586879788425475,0.17869811599777674,0.16892519473318188,0.18520007316242945,0.16775377203740377,0.16251571522145122,0.13762728638275828,0.1262275722899581,0.1047164598041668,0.11153714582180167,0.08485965520778162,0.07481899697438864,0.06845467716284319,0.05992306844670211,0.044114143161293876,0.040346944363122805
Weighted-mean OD in tract corticospinal tract (right),0.17140293409117802,0.16286981110426857,0.19693178880090714,0.20007813910235672,0.23181519786162408,0.18837276322971888,0.19172551572419735,0.18498126757647382,0.17665773811801472,0.18675328688563197,0.16923994528134825,0.14082148162277303,0.155202053424528,0.12529722569998933,0.11195533298848392,0.08374311132041859,0.08357504317927245,0.0786545852648875,0.05477304846222488,0.04966802257935762,0.0436031876437341
Weighted-mean ISOVF in tract acoustic radiation (right),0.17175293970255104,0.14570092728585612,0.16258480312525236,0.19109787020175545,0.19828087132947964,0.176036867214706,0.180771929717239,0.1760725626577878,0.1693876673914812,0.1550204464205389,0.16723866239510987,0.1271383185257752,0.11088127993507792,0.1020482043037209,0.08818437195179485,0.07471181684206879,0.06730816644530065,0.06062108448128263,0.05500133105474574,0.04496807552398111,0.04152053531047212
Weighted-mean MO in tract posterior thalamic radiation (right),0.19114689096130125,0.1617841396804224,0.18888152171168687,0.18944248203212602,0.19122172032745427,0.1796421766506352,0.21743293492357485,0.19476701732185867,0.1579480724339586,0.15431732462145872,0.15934872997145447,0.1179503341248315,0.1202000595939699,0.1064627052824109,0.09250872875079943,0.08029891966930337,0.0720145736322233,0.06885695099690044,0.05478655263970587,0.049777634779670246,0.03876450995616416
Weighted-mean MO in tract uncinate fasciculus (left),0.18029038984000598,0.12494897140395443,0.16457185479279815,0.1593834463558563,0.18254703444764028,0.17173421098408503,0.15510429919761087,0.18763897048494,0.14554885885786442,0.14669234872820405,0.13777306965593553,0.12205451675954442,0.11166411049772879,0.10214580514925813,0.0827002296324526,0.07087690706720103,0.06430932873115928,0.05371639355882341,0.04330596034101233,0.04011743825077841,0.03147756343692285
Weighted-mean FA in tract parahippocampal part of cingulum (left),0.17483904120557167,0.13808102780737883,0.19595625488709684,0.2274313502257538,0.21827651097398967,0.21433865471210173,0.21100191821190653,0.20644458020762402,0.21683482969350062,0.17537005812767684,0.1622419117351666,0.18202624416077479,0.14600879385524085,0.1150518290857381,0.1062195220376821,0.08308357253359716,0.0859224193841453,0.079423925246219,0.05970683252529236,0.049894052951516304,0.04818491833694544
Weighted-mean MO in tract forceps minor,0.15468886207279062,0.1433354066501199,0.18201361755979462,0.18644310695381633,0.17208797314454746,0.17154486454721948,0.17478905236793532,0.16550575404282294,0.16865708743530453,0.15850465284132217,0.15095987831608298,0.13150167653343037,0.11950538230655966,0.10765301185258265,0.0970453003412823,0.07120894325944839,0.08052077272825717,0.05971297743608724,0.05458224945983163,0.0462894709376017,0.039814962747893444
Weighted-mean OD in tract corticospinal tract (left),0.18122087694653782,0.15585718927216988,0.20661311248878653,0.218206860764363,0.21132134335758798,0.1893473464158466,0.19175067756474592,0.1841626304019783,0.164812972287271,0.18577762647408988,0.16385150612499716,0.14183110076943964,0.1509385165109255,0.12093858579380506,0.1151709897813557,0.08061968950886138,0.07938293795972061,0.07578787205841422,0.05278629867731075,0.04932040441998606,0.04307501703606097
Weighted-mean OD in tract acoustic radiation (right),0.17219951890055746,0.15623189532570392,0.19136030583487615,0.18451500398529247,0.18104424566993418,0.1600290557311499,0.16433612866790848,0.15532407899257297,0.17122243571105963,0.15067591350282933,0.1532149970278219,0.1315236280631864,0.12341662957343039,0.0971069367133604,0.09612221221860663,0.07813109203760617,0.07320047218359663,0.06540382675333409,0.060538280429788385,0.04711081148680595,0.04226002223210925
Weighted-mean ISOVF in tract acoustic radiation (left),0.16834982336529525,0.13815928074335931,0.16642648320090628,0.17766264807234447,0.18205364035818403,0.1621995255431027,0.1582268266771245,0.15637311689965436,0.1592492080478464,0.14975418553704278,0.1640866655656678,0.13196450202032098,0.10654974649201804,0.10706355626047016,0.0893270551818296,0.07393491804138276,0.06414056309609802,0.0595073170686946,0.05182505735108851,0.04475906135718351,0.040851843945987086
Weighted-mean MO in tract inferior fronto-occipital fasciculus (right),0.1644114952086379,0.15812306353301828,0.16407820319842428,0.18062966155077695,0.1607086743394406,0.17687833782170923,0.202596098703703,0.16911448474205723,0.15704876949902186,0.151117654499358,0.15240280524040012,0.13510692400564414,0.10478628217484862,0.09284519718231458,0.08858924977162401,0.07034304620872497,0.07190336475744684,0.05957656194256066,0.04845455451558179,0.04392986134719905,0.034811973957785396
Weighted-mean ICVF in tract forceps major,0.1590472288772547,0.14935058153730715,0.2054769579332981,0.2113943402622259,0.1845253081019339,0.19719724035989591,0.17543949420736274,0.17282291727613278,0.17298658091934224,0.1812113866119484,0.1605977943014805,0.14715722610158158,0.13496057557371632,0.10927345061345634,0.08237498774858378,0.09151056416489207,0.08039675446929535,0.06603348375577978,0.057074375372287274,0.04467399521122489,0.038172084537183855
Weighted-mean OD in tract anterior thalamic radiation (left),0.18004497296445446,0.1540822635646143,0.1812171594782778,0.19409597272913817,0.19128187858550696,0.18779398601425398,0.19165725211129211,0.17194014771019592,0.18366261829331923,0.1525391625276735,0.15718242641191107,0.15373567944486904,0.13062413334441042,0.11272111526011495,0.10429836332979259,0.09210474085451671,0.08714698568581673,0.0660519398297469,0.05964646730378258,0.04831982741499516,0.03966129609565659
Weighted-mean MO in tract posterior thalamic radiation (left),0.1594746043969397,0.1546717077721435,0.18096241049505768,0.1854348232546102,0.19395558025829773,0.1821111845423998,0.2010499324331488,0.20029973881400923,0.1682695914600108,0.1532637670778765,0.1652759200909883,0.12762274317036046,0.11343381026001163,0.10368442814926054,0.09130753685420888,0.07837497328345777,0.06825054378972037,0.0643192162454456,0.05240431992040507,0.04960721622929976,0.03780464265816346
Weighted-mean MO in tract inferior fronto-occipital fasciculus (left),0.1818550743472027,0.13691968081341263,0.19462380797508413,0.19030044117372358,0.16606682406534629,0.16968926853353658,0.21020355503912502,0.17392804784714663,0.18471096071514662,0.17028266561858768,0.15875319691583034,0.1433201423696995,0.10267184314399727,0.10194487812428712,0.09411928244742551,0.06497512246044085,0.0718307695689072,0.05939157993456778,0.05108831231466256,0.05003146044897744,0.0376842551293944
Weighted-mean ICVF in tract corticospinal tract (right),0.15318046410957736,0.14148482329394937,0.20366244449699117,0.2081983231689972,0.20254579716778207,0.184321088832363,0.17342914359274728,0.1724208137129476,0.17568268960602618,0.16558437553219563,0.15485027016900096,0.1527276344212899,0.1356933803424943,0.11559190201081945,0.08695612418868774,0.09895945147298389,0.07567301948509078,0.07320203727031879,0.06615553016131401,0.050081904409557024,0.04200471985994298
Weighted-mean ICVF in tract acoustic radiation (right),0.14530059442602333,0.15626150261830835,0.20603553156932547,0.19598336467044059,0.1799543175332348,0.18338728694010034,0.17596292046177117,0.17703740280449715,0.1666528838627683,0.1744081268048733,0.15412767200553845,0.15098433516705861,0.1298176298130696,0.11512586879649626,0.08297284880461894,0.09578953123708585,0.07684084365430818,0.0687701886430968,0.05822633965549804,0.043223598153191205,0.03918130114648171
Weighted-mean ICVF in tract corticospinal tract (left),0.16541813474111702,0.15888114691712243,0.21313494859937784,0.19744484490059452,0.19743602395240542,0.174206882823471,0.18405325209169712,0.17077213336379682,0.16499164533793276,0.1670295773043743,0.15665529952882026,0.14999963504070282,0.1325733386936251,0.11626468042577376,0.08398778704808145,0.09873774468712519,0.0757120192584807,0.07064048825790209,0.06413715627921332,0.048171822357173544,0.041840620935692865
Weighted-mean FA in tract cingulate gyrus part of cingulum (left),0.1768753553675179,0.14889118723609981,0.18972365366807317,0.18902467712326348,0.18188669594038595,0.21348077962038634,0.19297045663565054,0.16829722504826639,0.16141421398466638,0.1816913285563642,0.1581392157208315,0.14175785735039298,0.12837941462499802,0.12572549178451395,0.10386276620080966,0.08781940596215333,0.08689444403986568,0.06538820443997855,0.05736850484054401,0.04723844516022791,0.04047824921204754
Weighted-mean ICVF in tract acoustic radiation (left),0.15726818313789073,0.15878737947814683,0.2057887452934183,0.20324686525772773,0.1934973388247283,0.1885318517823433,0.1816661854642059,0.16631942584170337,0.1657842982345957,0.16772840041774065,0.14837167158078826,0.151907373701652,0.1292256238839646,0.11310240532214377,0.07963786573353024,0.09862643492698761,0.07941599842165468,0.06696023942211549,0.05769704223598533,0.043365612302063615,0.039781203754357335
Weighted-mean FA in tract cingulate gyrus part of cingulum (right),0.17098162693139862,0.14793392145537385,0.18641175423587888,0.21403070928541246,0.17482880646832974,0.18339984796582248,0.1999528604619726,0.1828797161512059,0.16110322126104032,0.1889638623465633,0.17954538669321773,0.1392292901922114,0.13149182056951197,0.11950466501950224,0.1036957737610981,0.07901758471208128,0.07640913937577413,0.06751319030646717,0.050303570705802075,0.04762118285102041,0.03782559194660137
Weighted-mean MO in tract cingulate gyrus part of cingulum (right),0.16419989121759676,0.14345907851666168,0.1633219872333124,0.2055437011953237,0.1818031271609712,0.18813487314135544,0.2027078784026273,0.17227124314268769,0.158039810158741,0.16786345953836604,0.18180494539740005,0.12579721767678886,0.12652961599815277,0.10976705533514863,0.08669869632272982,0.07647935390273349,0.06771990757495125,0.05929576969989272,0.04322996645144557,0.0362987003148285,0.03311350530691338
Weighted-mean FA in tract anterior thalamic radiation (right),0.15359793398454527,0.14817450639210927,0.1881428604714834,0.19848489660136298,0.1891524070409339,0.16317857703942382,0.16846459507851463,0.1556153309952555,0.1553543110274588,0.1602828736419115,0.1470987555126732,0.14845230183129335,0.12648757117046874,0.12327572513019162,0.1017811435237354,0.08935227995652463,0.0899636748382689,0.0715349225749704,0.062046091674733087,0.05032222992706306,0.03886204223339906
Weighted-mean FA in tract uncinate fasciculus (right),0.18384987015667983,0.15296527368288027,0.18318750570462555,0.1856193868095185,0.20221621207136925,0.1730476613058661,0.17847907237131283,0.18907996030620192,0.15661091810387193,0.19338927502084738,0.16335633198439095,0.1537050869739412,0.13690601999664154,0.131011606110041,0.1049336627097185,0.08830945061502861,0.08160712761014607,0.07226133094151037,0.05415200171158134,0.05700316081426232,0.043370863440934965
Weighted-mean OD in tract anterior thalamic radiation (right),0.1831452224441694,0.16694586567599867,0.17838887954063473,0.21926309843960531,0.1929504712830664,0.18649713363472098,0.19116761886547276,0.18357694594089083,0.1872001617588132,0.14872480811957553,0.16743220562302844,0.15913849944524575,0.1324170400221125,0.10769725619370599,0.10919523699364715,0.08748168379484018,0.07676540679513914,0.0635167473737895,0.0571323727074425,0.04232800667529789,0.03413179764575779
Weighted-mean MO in tract cingulate gyrus part of cingulum (left),0.1734858527624608,0.13796873656609773,0.20406263825863566,0.1884896237846002,0.18851092011322848,0.21581366349062397,0.19905838277116739,0.17002977674320802,0.15717583411340602,0.1790933842227188,0.16638410787985816,0.12409523208368295,0.12195115556839113,0.11198444684116987,0.08778220458221442,0.07812523359494232,0.06867380653570336,0.055189486786595215,0.045085494027681736,0.03533915357922341,0.03279981672423714
Weighted-mean FA in tract superior longitudinal fasciculus (right),0.16669691425005623,0.15425884389469782,0.2127499697564512,0.19946628526835222,0.18114806295720262,0.16998496477541084,0.18557633256200878,0.15609217491214797,0.18432813464610864,0.17566313996764846,0.15338026715021785,0.14511159648877794,0.13558125242041602,0.11308960132199347,0.0864060707594747,0.09250757272794184,0.08336108717909693,0.07032653922639599,0.06160843277517873,0.04409734968271595,0.03835520472544545
Weighted-mean FA in tract uncinate fasciculus (left),0.19127704054791272,0.14475428665406748,0.18192565940609354,0.1705231493230073,0.21032788862999402,0.17952940518017288,0.1934590115022425,0.21305924282365,0.15886291665692967,0.19646365962848888,0.16189084673475987,0.16782111831466628,0.13470979160694327,0.1297966276569387,0.09846315857297323,0.08766211587132842,0.07740224174961921,0.06445268003249678,0.05155074474620882,0.05272632662665966,0.03962488713793604
Weighted-mean ICVF in tract posterior thalamic radiation (right),0.14637602462242533,0.14919545515409027,0.21858814710736893,0.20060237994939456,0.17998685842471118,0.18203444059609483,0.18230580346923994,0.1725495997184078,0.1765362845578834,0.18003437459097263,0.17067407695499817,0.15513284896875654,0.1394916228286572,0.11049583449901863,0.08589752634173968,0.09546736225023124,0.0775443952935893,0.06699439723142527,0.05518176987086281,0.04356465208443124,0.03945607057058904
Weighted-mean FA in tract superior longitudinal fasciculus (left),0.16607487687440872,0.1489579380472593,0.20243058975433115,0.20075878370523978,0.1886597024540318,0.16903435798443117,0.1820617048604558,0.1615751283615372,0.18457653765889379,0.17959035975340262,0.1607210893835544,0.15015297908371836,0.13416267339216756,0.11252463577055272,0.08436386710495408,0.09299855875408275,0.08472031425211382,0.06861282346509763,0.059593532179519265,0.04434326957565857,0.039114970657364724
Weighted-mean FA in tract anterior thalamic radiation (left),0.17252907922082117,0.15250795483795987,0.17233013820092433,0.18694170103457683,0.1832081980995284,0.1719879904418028,0.17549332309516427,0.158165353227973,0.15398544272729733,0.17115900116027918,0.15575849983176038,0.15386715224260988,0.12274219079552914,0.1203340185442763,0.09845806473957883,0.08417878937688396,0.08731409606692521,0.06584693471188399,0.06022230617605492,0.048634846747707884,0.0372387431383268
Weighted-mean ICVF in tract inferior longitudinal fasciculus (right),0.14915651350511713,0.15826549661198608,0.2219202948330575,0.21259589060333842,0.1929526795833426,0.19290218624954164,0.18434784976386134,0.17511862907865786,0.18359157467057402,0.18432652310909534,0.16609882484607436,0.1609472944083004,0.14737398703627322,0.1158977271126442,0.08795062530560314,0.0981390729987737,0.0809043235462545,0.06924778541151691,0.057491174168044494,0.04434860125302863,0.04061547769186703
Weighted-mean ICVF in tract posterior thalamic radiation (left),0.16497332557987524,0.156977526365474,0.22170645341872205,0.2018731257307815,0.18322979066557557,0.19248283381782313,0.18254651133054758,0.17305659192093495,0.1787432545392243,0.17970143957422444,0.1719110626386731,0.15378411105095274,0.13781753000644095,0.11077929185852926,0.08584496619886504,0.09558442540246168,0.07839661208629896,0.06572794718653288,0.05534376656708244,0.04342106617932186,0.039769210629021556
Weighted-mean ICVF in tract cingulate gyrus part of cingulum (left),0.1689215830048126,0.13308563682136076,0.1891795247493683,0.17667414632777012,0.18545605143226682,0.21326926735959742,0.1928822000925342,0.16984226336219124,0.17382175537187772,0.18254406189278216,0.15854907228033333,0.14897194389685486,0.13250652653705539,0.11647075846773186,0.0923984496989855,0.08674968033195411,0.07880123508000952,0.06266576953179838,0.058783029189815594,0.042750171213967895,0.037556767310814365
Weighted-mean ICVF in tract inferior longitudinal fasciculus (left),0.173257142646913,0.1668979127532927,0.21992779337614582,0.20318783938444604,0.1925960532378819,0.18187073319233177,0.18388680238255078,0.17061025737344368,0.17839974809411965,0.1831669537516681,0.16685815443469415,0.15650116715327503,0.14447820598612943,0.113971293510608,0.08882632108046673,0.09703683321908146,0.08016728612474507,0.06764078511681386,0.05713163142700961,0.044468937180286,0.041293956231638666
Weighted-mean FA in tract posterior thalamic radiation (right),0.1546333365048825,0.1295212002381153,0.22218438176900698,0.1951103470022222,0.17197396501388307,0.19669555103154088,0.212772932698421,0.18714063670850134,0.1777136882583311,0.18088054028830797,0.17314280485751102,0.14592934792244633,0.14481013764225953,0.11251196637520305,0.08255555114770093,0.0915710918487704,0.07483835111677524,0.06370219936988072,0.06008572405586908,0.04379228838179633,0.03771660747230152
Weighted-mean ICVF in tract uncinate fasciculus (right),0.1657121319428217,0.14535262754092781,0.19546542268428535,0.18138680726353004,0.20128446545669829,0.1799173502156071,0.18257736703075395,0.17749587281169205,0.15901110766258597,0.18599022081536015,0.16236148138573292,0.16085352689896715,0.13111449112523577,0.11134700742251884,0.08903559105425392,0.08539854470887144,0.07160697898756145,0.06604898988210105,0.04963194537430661,0.04055094225472313,0.03632992868183021
Weighted-mean ICVF in tract cingulate gyrus part of cingulum (right),0.17502965177054633,0.14493226908446835,0.187418513942435,0.18948853224851,0.17789349208540933,0.19518036378214296,0.1913538140587799,0.17331523361562395,0.16825819747996107,0.18778516325658648,0.16506287538318448,0.14408683690897442,0.13091896145126755,0.1132840980623986,0.09166941079185625,0.08289824292725821,0.07269740059486283,0.06030904522322841,0.0518351057414262,0.042185904230931506,0.03440576726151234
Weighted-mean FA in tract inferior fronto-occipital fasciculus (right),0.16870676325910364,0.15288822549637415,0.2081696796199293,0.1945667511532105,0.1968322731666445,0.17790812149660187,0.21034795454205804,0.1632273110375565,0.1737375406803483,0.18471016246648247,0.15179773201849386,0.1514410398905848,0.13775382840915745,0.11991836970245294,0.09094765474413234,0.08620236731782746,0.084282717984446,0.070162510564235,0.05576652349063229,0.04868549688314924,0.036359631237886506
Weighted-mean FA in tract inferior longitudinal fasciculus (right),0.17028953713741243,0.1453869512783039,0.219268286232353,0.2055247240749851,0.19991806799966488,0.1925964703457981,0.20031603932012806,0.1683598474175417,0.17971972945944703,0.18651227576624282,0.16396045940307857,0.1513240515548202,0.14236503222778277,0.11874814942469994,0.08644666447032327,0.0853928777728879,0.0811929477821071,0.07014518300845271,0.05615005171242278,0.04450172299931715,0.03632803154944431
Weighted-mean FA in tract forceps minor,0.18617043264887081,0.1524725578466303,0.20245329003230653,0.18466304779602757,0.17348450781532587,0.18020256339192073,0.17823072019547892,0.16761363840848226,0.16449346651543037,0.17114403634222422,0.1438261267866438,0.15075914162295184,0.12108164593811327,0.11994188514205244,0.09150282151376618,0.0805627993349135,0.0821534616662532,0.06551164842605087,0.053435319347473344,0.045634340090482874,0.03591512228907592
Weighted-mean ICVF in tract uncinate fasciculus (left),0.17843028350895565,0.15262184535766374,0.19296870038048355,0.17787756844652583,0.18386849570597552,0.18385819178158197,0.18512615779039168,0.1942614269390208,0.15956181373041456,0.1795833105881331,0.16087694331770577,0.16574909954836764,0.12257982426577459,0.11184251237871876,0.08423999394909658,0.08494192525966864,0.06806679835406518,0.06242335822931485,0.04900626069711727,0.04150380644536373,0.037515538640144376
Weighted-mean ICVF in tract inferior fronto-occipital fasciculus (left),0.15823887899364886,0.1611592501823371,0.2257569075342151,0.20763163704224752,0.19612909420612218,0.18802252654083088,0.1841894078093503,0.17227384884647962,0.18248749616627752,0.19014451822505926,0.16880537830486894,0.1593303188543534,0.14113153173232054,0.11540969259667143,0.08973919555573595,0.09424416205465336,0.07787679342228632,0.06632183863101247,0.0562118885376093,0.04340363122384535,0.04056171600819928
Weighted-mean FA in tract inferior longitudinal fasciculus (left),0.17991619637413406,0.15348164699591557,0.20252900768780205,0.20350077350745088,0.19936058107062865,0.19473850392185355,0.199404442885867,0.17420645430972195,0.17720760709061673,0.18878906772917844,0.16592967403760306,0.15586000279083212,0.13836073242556082,0.11500333723269048,0.08791790928677545,0.08095942661454361,0.07957591848512491,0.06595222323564495,0.0518315116527364,0.04331711939461401,0.03463572704794205
Weighted-mean ICVF in tract inferior fronto-occipital fasciculus (right),0.16167885304371554,0.16859633406876665,0.218906334532055,0.20052634697440602,0.19186547728280612,0.18654797492874445,0.1853743815504655,0.17579855882230158,0.18156399490239614,0.1938015534710455,0.16746989831658057,0.16113218386074282,0.13980808044823909,0.1151111601170725,0.08756074441591988,0.09436506215031497,0.07679510793954857,0.06743065835728268,0.05624772976391104,0.042982373368644994,0.03936629624646431
Weighted-mean ICVF in tract forceps minor,0.15096288280285772,0.15967868467027138,0.1976219763788848,0.18094176554705385,0.1888652979049027,0.17574473752986486,0.16849309500655174,0.166671205907322,0.16694102109427825,0.17897047313541165,0.14976887860804047,0.15235419263358307,0.12423276523577469,0.1083361834024738,0.08806520099354398,0.08473002756740927,0.07288763060663844,0.060821678286638405,0.05237273136458364,0.041332208896506385,0.03567732207409628
Weighted-mean FA in tract inferior fronto-occipital fasciculus (left),0.1844506540749531,0.15831499560639645,0.21876437483939162,0.2113807152393269,0.19614962779441472,0.19019017284304707,0.20671951176017986,0.1679420786821927,0.17796083678142632,0.18935288311004866,0.15965484873883606,0.16063518455473985,0.1359728582128177,0.11590719840075861,0.08830935353060257,0.07949961697509864,0.0802063824928072,0.06645101967627458,0.05297812716437296,0.045834395454974496,0.03441770735157273
Weighted-mean ICVF in tract superior longitudinal fasciculus (right),0.14911066164731535,0.16551802386547412,0.2135417824530103,0.19889996063697044,0.1958753713867938,0.17974132973296014,0.17791637382228304,0.1663570559942982,0.18019464991366002,0.18433864287374524,0.16666703089948326,0.15592989496576423,0.1396291723190521,0.10796522042270823,0.08317830153469843,0.09463853859897864,0.07626412601484218,0.06316830786292767,0.05733564752265809,0.04219316873448569,0.036855743944503784
Weighted-mean FA in tract posterior thalamic radiation (left),0.16001118956204452,0.14873789381974714,0.22142867389951912,0.2017769604750539,0.20611393158995064,0.20289992460246128,0.21729661483740034,0.18845530961295037,0.18517267240638244,0.18287367046193703,0.1807858210431884,0.14892395992593513,0.13733103673200567,0.1098634390398989,0.07937258788032375,0.08749823142108538,0.07511493114290527,0.05787951909855363,0.05713152015741666,0.04143971355909734,0.03584049593762433
Weighted-mean OD in tract superior thalamic radiation (left),0.17884299871458495,0.16718578738404294,0.20506125158890595,0.2192817181541436,0.20234463654629056,0.21373727119881633,0.2239299642287413,0.20102392411039588,0.20743100208229728,0.21044520328294566,0.20400711059475238,0.16859361802893025,0.17059488537394152,0.1184563504761787,0.12175880933327966,0.08143947742966334,0.07497416893595552,0.06536862620121486,0.0569445863052591,0.04645255414138468,0.04189023767168856
Weighted-mean ICVF in tract superior longitudinal fasciculus (left),0.14313106782476387,0.15726682039456272,0.20717303659866862,0.2041829011695299,0.19710941751696837,0.1828432507944006,0.18338196449796632,0.17146622636659686,0.17947419416019347,0.18532647172665578,0.16950060372203576,0.15583619362989565,0.13904735725782041,0.10665802278092759,0.08418779252431792,0.09476251760328831,0.07598258633128457,0.06292936764083261,0.057450741388200256,0.042120430110309096,0.037099123297447835
Weighted-mean OD in tract superior thalamic radiation (right),0.162787686747271,0.14723418784177347,0.20220742869052663,0.19772351167062505,0.21547687170716925,0.21642499168080034,0.22328032641412576,0.2060646352394482,0.20357891891152327,0.2093559607102082,0.2062326114287073,0.16844501589979943,0.16937277060105263,0.11714247950880607,0.12222900523756541,0.08231201679509216,0.07267411459052033,0.06657821597469131,0.05469284463846971,0.04563177701713333,0.041210521570221086
Weighted-mean ICVF in tract superior thalamic radiation (left),0.13366868601473159,0.15198079032182032,0.20471352172339702,0.18152872934707406,0.19673777596596467,0.1660550338786289,0.1815554979937393,0.17742193979392795,0.17809426685074814,0.18194626777445516,0.17122058246726526,0.1530008829401195,0.13322998410947737,0.11131723530989815,0.08408328301310052,0.09507253206981925,0.0715206889000621,0.06231698095465606,0.058530388590697806,0.04066950048237275,0.03590679389110651
Weighted-mean ICVF in tract superior thalamic radiation (right),0.13599419527070442,0.15282031933840529,0.20344468937503193,0.17554694691715567,0.20185605789216443,0.16423123882359092,0.18400449036194075,0.1727862399182024,0.17691311381629146,0.1753334301795161,0.1719364539641854,0.15198771560047633,0.1350188967463608,0.11115181751185076,0.08554664958239032,0.09582792710001355,0.07222856025971641,0.06259798838958736,0.05753686232195457,0.04150314019098904,0.03571971228449366
Weighted-mean ICVF in tract anterior thalamic radiation (left),0.14035774918562893,0.14279208539520064,0.1886464874343867,0.1916435657063156,0.19327098125312983,0.1749289404657084,0.18400720585612937,0.177609331230956,0.1691977482991676,0.1888160329789896,0.17802562516753,0.1595327478726939,0.12699137089757387,0.10656583342735913,0.0825130054353104,0.08414011753875039,0.06638201510711339,0.05973635264036053,0.05338058012682478,0.03916655784546728,0.034581362717809414
Weighted-mean ICVF in tract anterior thalamic radiation (right),0.13150331260323425,0.13992766686835992,0.17933762252919347,0.18668330418811574,0.1854371052656832,0.18174976376075397,0.18154977099107486,0.1770377000344549,0.1717672317212291,0.18663338517805536,0.17241599882270608,0.1575859013417829,0.12574144868760997,0.10622213327200028,0.08149204781252495,0.0823179764785898,0.06610585617911831,0.06007820210521822,0.05215676374677155,0.03872875362680933,0.033636716810025995
